client,split,sample_index,true_class,route_class,true_ppm,phase,pred_class,H1_federated_source_ridge_ppm,prob_class_0,prob_class_1,prob_class_2,prob_class_3,confidence,route_correct,pred_84d_h1_ppm,pred_ppm,abs_error,squared_error
C5,calibration,0,1,1,225.0,2,1,250.0,0.00021963879407849163,0.9994199275970459,0.00036035379162058234,3.8820914483039815e-08,0.9994199275970459,1,215.61648573923816,215.61648573923816,9.383514260761842,88.05033988192086
C5,calibration,1,0,0,87.5,2,0,12.5,0.9996315240859985,0.00024827057495713234,0.00011642488971119747,3.774123797484208e-06,0.9996315240859985,1,91.00354553006235,91.00354553006235,3.503545530062354,12.2748312812199
C5,calibration,2,0,0,100.0,2,0,12.5,0.9996170997619629,0.000270345073658973,0.00010890870908042416,3.584497108022333e-06,0.9996170997619629,1,95.90489764775045,95.90489764775045,4.095102352249555,16.769863275399835
C5,calibration,3,3,3,250.0,2,3,214.87140540045345,4.163280664215563e-06,1.5828192090339144e-07,6.866790727144689e-07,0.9999949932098389,0.9999949932098389,1,250.0,250.0,0.0,0.0
C5,calibration,4,0,0,87.5,2,0,12.5,0.9996275901794434,0.00023888240684755147,0.00012993509881198406,3.593790324885049e-06,0.9996275901794434,1,89.51989273472331,89.51989273472331,2.0198927347233138,4.0799666597880275
C5,calibration,5,2,2,75.0,2,2,12.5,8.077417442109436e-05,0.0005238821031525731,0.9993952512741089,1.570544867490753e-07,0.9993952512741089,1,74.6405190481097,74.6405190481097,0.3594809518903048,0.12922655477195966
C5,calibration,6,3,3,150.0,2,3,152.29543430333518,4.169749445281923e-06,1.6373704170291603e-07,6.545104724864359e-07,0.9999949932098389,0.9999949932098389,1,148.9094156758248,148.9094156758248,1.090584324175211,1.1893741681367014
C5,calibration,7,1,1,50.0,2,1,105.14304632567314,0.0003167444374412298,0.9995238780975342,0.00015942135360091925,3.594709241383498e-08,0.9995238780975342,1,42.70805484720749,42.70805484720749,7.291945152792508,53.17246411133415
C5,calibration,8,2,2,12.5,2,2,12.5,0.0003124047943856567,0.001687167794443667,0.9980003237724304,1.567519802847528e-07,0.9980003237724304,1,12.600736984535871,12.600736984535871,0.10073698453587099,0.01014794005338031
C5,calibration,9,3,3,125.0,2,3,157.40212842033247,4.195493602310307e-06,1.6382091416744515e-07,6.548501119141292e-07,0.9999949932098389,0.9999949932098389,1,126.77928868344802,126.77928868344802,1.7792886834480157,3.165868219046173
C5,calibration,10,3,3,75.0,2,3,72.17477583141829,4.293401616450865e-06,1.6680826320225606e-07,6.306496516117477e-07,0.9999948740005493,0.9999948740005493,1,80.89391498450765,80.89391498450765,5.893914984507646,34.73823384460376
C5,calibration,11,0,0,62.5,2,0,12.5,0.9996277093887329,0.00024685656535439193,0.00012179588520666584,3.5723419387068134e-06,0.9996277093887329,1,63.54153079327299,63.54153079327299,1.0415307932729903,1.0847863933358644
C5,calibration,12,2,2,100.0,2,2,12.5,7.546929555246606e-05,0.0010821912437677383,0.9988422989845276,1.580257560362952e-07,0.9988422989845276,1,99.55881391827927,99.55881391827927,0.4411860817207298,0.1946451587040905
C5,calibration,13,0,0,112.5,2,0,12.5,0.9996253252029419,0.00025374264805577695,0.00011745384108508006,3.4796339605236426e-06,0.9996253252029419,1,115.47566357506592,115.47566357506592,2.975663575065923,8.854573711974108
C5,calibration,14,2,2,25.0,2,2,12.5,0.00019715803500730544,0.0008753329166211188,0.9989274144172668,1.4882090226819855e-07,0.9989274144172668,1,25.73651650940083,25.73651650940083,0.736516509400829,0.5424565686199815
C5,calibration,15,3,3,100.0,2,3,113.67772066104888,4.219388301862637e-06,1.645336453748314e-07,6.5397136950196e-07,0.9999949932098389,0.9999949932098389,1,103.1195176698499,103.1195176698499,3.1195176698498983,9.731390492505739
C5,calibration,16,0,0,62.5,2,0,12.5,0.999620795249939,0.00026674935361370444,0.00010871588892769068,3.699346279972815e-06,0.999620795249939,1,63.475076238239275,63.475076238239275,0.975076238239275,0.9507736703788554
C5,calibration,17,0,0,37.5,2,0,12.5,0.9996383190155029,0.0002442989207338542,0.00011390985309844837,3.4807346764864633e-06,0.9996383190155029,1,35.079112954333375,35.079112954333375,2.4208870456666247,5.860694087876478
C5,calibration,18,3,3,200.0,2,3,202.73697862120991,4.105527295905631e-06,1.6178610451333952e-07,6.621190209443739e-07,0.9999951124191284,0.9999951124191284,1,196.4392101667878,196.4392101667878,3.5607898332121977,12.67922423630735
C5,calibration,19,1,1,150.0,2,1,250.0,0.0002611330128274858,0.9991782307624817,0.0005606862250715494,4.235810280306396e-08,0.9991782307624817,1,160.50044400206644,160.50044400206644,10.500444002066445,110.25932424053318
C5,calibration,20,3,3,25.0,2,3,25.0,4.041907686769264e-06,1.5868775449234818e-07,7.074780228322197e-07,0.9999951124191284,0.9999951124191284,1,25.97422318711756,25.97422318711756,0.9742231871175591,0.9491108183174946
C5,calibration,21,2,2,112.5,2,2,12.5,5.8697929489426315e-05,0.00036384834675118327,0.9995773434638977,1.604872608140795e-07,0.9995773434638977,1,112.20555422544894,112.20555422544894,0.2944457745510647,0.08669831415097641
C5,calibration,22,1,1,75.0,2,1,183.8636848610834,0.0002730126725509763,0.999552309513092,0.00017469379235990345,3.506484702597845e-08,0.999552309513092,1,78.83696901917483,78.83696901917483,3.8369690191748305,14.722331254107461
C5,calibration,23,1,1,125.0,2,1,213.11929977872364,0.00021544218179769814,0.9996564388275146,0.00012815829541068524,3.4598382825379304e-08,0.9996564388275146,1,130.08964199619388,130.08964199619388,5.089641996193876,25.904455649420385
C5,calibration,24,2,2,75.0,2,2,12.5,7.802666368661448e-05,0.0008847340359352529,0.9990371465682983,1.4899190148298658e-07,0.9990371465682983,1,75.2297378675691,75.2297378675691,0.2297378675690993,0.05277948779519701
C5,calibration,25,1,1,75.0,2,1,218.66008026279007,0.0005518522812053561,0.9973746538162231,0.002073399955406785,6.495838533737697e-08,0.9973746538162231,1,73.31999555738145,73.31999555738145,1.6800044426185536,2.822414927218077
C5,calibration,26,0,0,125.0,2,0,12.5,0.9996170997619629,0.0002136648545274511,0.00016549757856409997,3.636260316852713e-06,0.9996170997619629,1,125.0,125.0,0.0,0.0
C5,calibration,27,0,0,100.0,2,0,12.5,0.9996275901794434,0.0002456384536344558,0.00012311420869082212,3.7437853279698174e-06,0.9996275901794434,1,102.72206803274528,102.72206803274528,2.722068032745284,7.409654374893781
C5,calibration,28,1,1,175.0,2,1,77.89110673630188,0.00037087645614519715,0.9984875917434692,0.001141511369496584,4.878201309566066e-08,0.9984875917434692,1,171.5848019255161,171.5848019255161,3.4151980744838966,11.663577887958514
C5,calibration,29,1,1,100.0,2,1,250.0,0.0003089132660534233,0.9989228844642639,0.00076818629167974,4.702280875790166e-08,0.9989228844642639,1,96.84457262517233,96.84457262517233,3.155427374827667,9.956721917811823
C5,calibration,30,3,3,25.0,2,3,25.0,4.035721758555155e-06,1.571576007108888e-07,7.185595904957154e-07,0.9999951124191284,0.9999951124191284,1,26.13914996146807,26.13914996146807,1.1391499614680711,1.297662634712708
C5,calibration,31,0,0,75.0,2,0,12.5,0.9996163845062256,0.00025469608954153955,0.00012541322212200612,3.562465735740261e-06,0.9996163845062256,1,76.39643238315404,76.39643238315404,1.3964323831540355,1.9500234007212591
C5,calibration,32,1,1,250.0,2,1,250.0,0.0002637139696162194,0.9993239641189575,0.00041236187098547816,4.081381632659031e-08,0.9993239641189575,1,250.0,250.0,0.0,0.0
C5,calibration,33,0,0,112.5,2,0,12.5,0.9996271133422852,0.00023336974845733494,0.000135692665935494,3.8107843920442974e-06,0.9996271133422852,1,106.51088781269246,106.51088781269246,5.989112187307541,35.86946479215571
C5,calibration,34,2,2,50.0,2,2,12.5,7.242896390380338e-05,0.0003552286943886429,0.999572217464447,1.3335865389763057e-07,0.999572217464447,1,50.067463360128556,50.067463360128556,0.06746336012855636,0.004551304959835288
C5,calibration,35,2,2,125.0,2,2,12.5,6.295365164987743e-05,0.00032773823477327824,0.9996091723442078,1.5432044619956287e-07,0.9996091723442078,1,124.87747875954753,124.87747875954753,0.12252124045247115,0.015011454362012252
C5,calibration,36,1,1,175.0,2,1,250.0,0.00024229456903412938,0.9991737008094788,0.0005839716759510338,4.6577973478179047e-08,0.9991737008094788,1,174.5024417409017,174.5024417409017,0.4975582590982981,0.24756422119692914
C5,calibration,37,2,2,12.5,2,2,12.5,5.7856548664858565e-05,0.00047815078869462013,0.9994638562202454,1.1014737566483745e-07,0.9994638562202454,1,12.5,12.5,0.0,0.0
C5,calibration,38,1,1,125.0,2,1,250.0,0.00021928340720478445,0.9993646740913391,0.0004160377138759941,4.387363716773507e-08,0.9993646740913391,1,127.8630590771777,127.8630590771777,2.863059077177695,8.197107279409595
C5,calibration,39,0,0,25.0,2,0,12.5,0.9996365308761597,0.00024248358386103064,0.00011752417776733637,3.4343943298154045e-06,0.9996365308761597,1,23.84733450279729,23.84733450279729,1.1526654972027117,1.3286377484415746
C5,calibration,40,3,3,125.0,2,3,131.73152210710475,4.6206691877159756e-06,1.5757787252823618e-07,6.956575475669524e-07,0.9999945163726807,0.9999945163726807,1,126.43040408152848,126.43040408152848,1.4304040815284793,2.0460558364533323
C5,calibration,41,1,1,100.0,2,1,199.82337847398338,0.00033478456316515803,0.999136745929718,0.0005284875514917076,4.3658971549120906e-08,0.999136745929718,1,113.63479871556942,113.63479871556942,13.634798715569417,185.90773601409342
C5,calibration,42,2,2,50.0,2,2,12.5,0.00012783549027517438,0.0011717964662238955,0.9987002611160278,1.6287276594084688e-07,0.9987002611160278,1,50.233634230577735,50.233634230577735,0.23363423057773502,0.054584953697650256
C5,calibration,43,1,1,75.0,2,1,228.3817222506977,0.0002747441176325083,0.9991101622581482,0.0006150330300442874,4.6575546974736426e-08,0.9991101622581482,1,93.78750333526321,93.78750333526321,18.78750333526321,352.97028157252623
C5,calibration,44,0,0,25.0,2,0,12.5,0.9996007084846497,0.0002303739747731015,0.0001645006996113807,4.50849074695725e-06,0.9996007084846497,1,25.86452298169813,25.86452298169813,0.8645229816981299,0.7473999858842251
C5,calibration,45,2,2,25.0,2,2,12.5,0.00018549690139479935,0.0005831030430272222,0.9992313385009766,1.4227944689082506e-07,0.9992313385009766,1,25.61935680227188,25.61935680227188,0.6193568022718807,0.38360284852044957
C5,calibration,46,1,1,25.0,2,1,37.935648370527645,0.00029847296536900103,0.9992789626121521,0.00042257082532159984,4.4111775565625067e-08,0.9992789626121521,1,34.69056642030348,34.69056642030348,9.690566420303483,93.90707754631346
C5,calibration,47,3,3,150.0,2,3,112.82669069258475,3.53152404386492e-06,1.8470821316896036e-07,5.948124908172758e-07,0.9999957084655762,0.9999957084655762,1,150.56196340329126,150.56196340329126,0.5619634032912586,0.3158028666386938
C5,calibration,48,0,0,100.0,2,0,12.5,0.9996402263641357,0.00023809597769286484,0.00011794263264164329,3.6795734104089206e-06,0.9996402263641357,1,102.49328832295681,102.49328832295681,2.493288322956815,6.216486661392806
C5,calibration,49,0,0,100.0,2,0,12.5,0.9996339082717896,0.00024310070148203522,0.00011915860523004085,3.7689424061682075e-06,0.9996339082717896,1,100.30425182992323,100.30425182992323,0.3042518299232313,0.09256917601163486
C5,calibration,50,0,0,25.0,2,0,12.5,0.9996237754821777,0.0002840174420271069,8.836458437144756e-05,3.859046955767553e-06,0.9996237754821777,1,24.54709486779683,24.54709486779683,0.4529051322031705,0.20512305877597137
C5,calibration,51,0,0,62.5,2,0,12.5,0.9996097683906555,0.00026435451582074165,0.00012232683366164565,3.5354810279386584e-06,0.9996097683906555,1,65.24213606052399,65.24213606052399,2.7421360605239897,7.519310174426026
C5,calibration,52,0,0,62.5,2,0,12.5,0.9996110796928406,0.00026395480381324887,0.00012137318844906986,3.5456762361718575e-06,0.9996110796928406,1,66.04519395089986,66.04519395089986,3.545193950899858,12.568400149496943
C5,calibration,53,2,2,37.5,2,2,12.5,0.00026363751385360956,0.004499945789575577,0.9952362179756165,1.9032400189189502e-07,0.9952362179756165,1,36.92874677302102,36.92874677302102,0.5712532269789818,0.32633024933390015
C5,calibration,54,3,3,50.0,2,3,45.82774363266924,4.542122951534111e-06,1.5887681570347922e-07,6.857553671579808e-07,0.9999946355819702,0.9999946355819702,1,38.88596606803985,38.88596606803985,11.11403393196015,123.5217502407616
C5,calibration,55,0,0,100.0,2,0,12.5,0.9996370077133179,0.00023418848286382854,0.00012511738168541342,3.6568649193213787e-06,0.9996370077133179,1,97.68643372109045,97.68643372109045,2.3135662789095477,5.352588926907371
C5,calibration,56,0,0,50.0,2,0,12.5,0.9996730089187622,0.00024780823150649667,7.415948493871838e-05,5.1455781431286596e-06,0.9996730089187622,1,52.360460066699524,52.360460066699524,2.360460066699524,5.571771726483121
C5,calibration,57,1,1,225.0,2,1,250.0,0.0005271704867482185,0.9976828098297119,0.0017900153761729598,5.9401230600997224e-08,0.9976828098297119,1,217.8546964670096,217.8546964670096,7.145303532990397,51.055362578565045
C5,calibration,58,2,2,62.5,2,2,12.5,0.00010839002061402425,0.0006630942225456238,0.9992283582687378,1.5647889028969075e-07,0.9992283582687378,1,63.442394508933916,63.442394508933916,0.9423945089339156,0.888107410468796
C5,calibration,59,3,3,150.0,2,3,144.60384284672602,4.35225456385524e-06,1.6532604263375106e-07,6.355189157147834e-07,0.9999948740005493,0.9999948740005493,1,147.6641411036677,147.6641411036677,2.3358588963322973,5.456236783574738
C5,calibration,60,2,2,50.0,2,2,12.5,0.00011867997818626463,0.001183287356980145,0.9986978769302368,1.643559528474725e-07,0.9986978769302368,1,50.75596579385467,50.75596579385467,0.7559657938546707,0.5714842814783224
C5,calibration,61,2,2,37.5,2,2,12.5,0.00017526253941468894,0.0013886077795177698,0.9984360337257385,1.6325542162576312e-07,0.9984360337257385,1,37.60575452678529,37.60575452678529,0.10575452678529018,0.011184019935580658
C5,calibration,62,1,1,150.0,2,1,250.0,0.0002507239405531436,0.9994210004806519,0.00032838855986483395,3.6166962757988586e-08,0.9994210004806519,1,153.28588964536868,153.28588964536868,3.285889645368684,10.797070761541136
C5,calibration,63,3,3,175.0,2,3,177.81762194797312,4.152610017627012e-06,1.6318723794483958e-07,6.563782335433643e-07,0.9999949932098389,0.9999949932098389,1,175.54098933071023,175.54098933071023,0.5409893307102323,0.29266945594230503
C5,calibration,64,0,0,37.5,2,0,12.5,0.999619722366333,0.00026769557734951377,0.00010896010644501075,3.678449047583854e-06,0.999619722366333,1,42.93693347559913,42.93693347559913,5.436933475599133,29.56024561809047
C5,calibration,65,3,3,250.0,2,3,190.13048982354553,4.296797669667285e-06,1.5605684211550397e-07,6.957300797694188e-07,0.9999948740005493,0.9999948740005493,1,246.0438669644845,246.0438669644845,3.9561330355155064,15.650988594697136
C5,calibration,66,1,1,250.0,2,1,250.0,0.0002538558910600841,0.998499870300293,0.0012462971499189734,4.751008120251754e-08,0.998499870300293,1,241.91944200452951,241.91944200452951,8.080557995470485,65.29541751816198
C5,calibration,67,3,3,125.0,2,3,149.191403443997,4.213955435261596e-06,1.6348755593753594e-07,6.54926964216429e-07,0.9999949932098389,0.9999949932098389,1,127.62689927864486,127.62689927864486,2.6268992786448564,6.900599820144867
C5,calibration,68,3,3,50.0,2,3,50.58605817072544,4.2297060645068996e-06,1.643047085053695e-07,6.547302291437518e-07,0.9999949932098389,0.9999949932098389,1,44.5789392521995,44.5789392521995,5.421060747800503,29.38789963134335
C5,calibration,69,3,3,50.0,2,3,32.14988723338115,4.410028850543313e-06,1.5146794396514451e-07,7.033774522824388e-07,0.9999947547912598,0.9999947547912598,1,51.13275204020042,51.13275204020042,1.1327520402004225,1.2831271845782197
C5,calibration,70,3,3,225.0,2,3,169.54265409411994,4.1696703192428686e-06,1.8112756094978977e-07,6.099480742705055e-07,0.9999949932098389,0.9999949932098389,1,224.4438569588229,224.4438569588229,0.5561430411771084,0.30929508224972296
C5,calibration,71,1,1,75.0,2,1,226.12630860359684,0.00024732702877372503,0.9988837838172913,0.0008688907255418599,4.7478966536118605e-08,0.9988837838172913,1,81.89091001944317,81.89091001944317,6.890910019443169,47.48464089606225
C5,calibration,72,3,3,225.0,2,3,194.50559254793336,4.201984665996861e-06,1.584628535056254e-07,6.82528650486347e-07,0.9999949932098389,0.9999949932098389,1,223.31170294446807,223.31170294446807,1.6882970555319332,2.8503469477177954
C5,calibration,73,1,1,150.0,2,1,250.0,0.0002411172172287479,0.9991558790206909,0.0006030555232428014,4.8671488173113175e-08,0.9991558790206909,1,152.38126914796138,152.38126914796138,2.381269147961376,5.670442755032698
C5,calibration,74,2,2,37.5,2,2,12.5,9.50191606534645e-05,0.0006858792621642351,0.9992189407348633,1.2307589258853113e-07,0.9992189407348633,1,37.294180095743116,37.294180095743116,0.20581990425688446,0.042361832988313086
C5,calibration,75,0,0,100.0,2,0,125.0,0.9996495246887207,0.00020119101100135595,0.00014444967382587492,4.900534349872032e-06,0.9996495246887207,1,100.02551816387988,100.02551816387988,0.025518163879880262,0.0006511766878004257
C5,calibration,76,1,1,100.0,2,1,66.95593337559467,0.0004004460934083909,0.9985665678977966,0.0010330610675737262,4.7014289350499894e-08,0.9985665678977966,1,113.14366735469555,113.14366735469555,13.143667354695552,172.75599153088956
C5,calibration,77,3,3,225.0,2,3,197.3894673939718,4.160820026299916e-06,1.589188514117268e-07,6.807409818065935e-07,0.9999949932098389,0.9999949932098389,1,224.221649240954,224.221649240954,0.7783507590459919,0.6058299041074718
C5,calibration,78,2,2,87.5,2,2,12.5,9.112019324675202e-05,0.0007369538070634007,0.9991718530654907,1.5936025477003568e-07,0.9991718530654907,1,87.4732200085854,87.4732200085854,0.026779991414599635,0.0007171679401660302
C5,calibration,79,0,0,12.5,2,0,12.5,0.9996052384376526,0.00023043257533572614,0.0001605916622793302,3.6616900160879595e-06,0.9996052384376526,1,13.354792720858619,13.354792720858619,0.8547927208586188,0.7306705956328806
C5,calibration,80,1,1,50.0,2,1,152.95122078314876,0.0003506430657580495,0.99854975938797,0.0010994846234098077,4.977496104174861e-08,0.99854975938797,1,49.29147159936389,49.29147159936389,0.7085284006361121,0.502012494507967
C5,calibration,81,1,1,250.0,2,1,250.0,0.00024550125817768276,0.9990721940994263,0.0006823655567131937,5.2650026560741026e-08,0.9990721940994263,1,250.0,250.0,0.0,0.0
C5,calibration,82,2,2,12.5,2,2,12.5,0.0003211595176253468,0.0005834897165186703,0.9990952014923096,1.2914418334730726e-07,0.9990952014923096,1,12.568999575818538,12.568999575818538,0.06899957581853755,0.0047609414631381115
C5,calibration,83,3,3,25.0,2,3,25.0,4.016255843453109e-06,1.5633453642749373e-07,7.263921588673838e-07,0.9999951124191284,0.9999951124191284,1,35.0164155352429,35.0164155352429,10.0164155352429,100.3285801746553
C5,calibration,84,3,3,225.0,2,3,25.0,4.742418241221458e-06,1.7457789169839089e-07,6.737908506693202e-07,0.9999943971633911,0.9999943971633911,1,211.622077436329,211.622077436329,13.377922563671007,178.96881211957785
C5,calibration,85,0,0,50.0,2,0,12.5,0.9996312856674194,0.00027729320572689176,8.77317797858268e-05,3.7202944440650754e-06,0.9996312856674194,1,49.49430280042322,49.49430280042322,0.5056971995767796,0.25572965765979727
C5,calibration,86,1,1,125.0,2,1,250.0,0.00040254471241496503,0.9986060261726379,0.000991419772617519,5.2524480764759574e-08,0.9986060261726379,1,127.46578053275786,127.46578053275786,2.4657805327578615,6.0800736357276435
C5,calibration,87,3,3,75.0,2,3,56.43094595681856,3.910877239832189e-06,1.5816080178865377e-07,6.651233661614242e-07,0.999995231628418,0.999995231628418,1,70.13473286315158,70.13473286315158,4.865267136848416,23.67082431289719
C5,calibration,88,2,2,125.0,2,2,12.5,4.716509283753112e-05,0.00014301546616479754,0.9998096823692322,1.6133245139826613e-07,0.9998096823692322,1,125.0,125.0,0.0,0.0
C5,calibration,89,0,0,87.5,2,0,12.5,0.9996265172958374,0.00025021101464517415,0.00011935220391023904,3.764004532058607e-06,0.9996265172958374,1,91.37532040201665,91.37532040201665,3.875320402016655,15.018108218286528
C5,calibration,90,1,1,25.0,2,1,53.86247989020296,0.0003253135073464364,0.9990682005882263,0.0006065976922400296,4.5290470040981745e-08,0.9990682005882263,1,25.0,25.0,0.0,0.0
C5,calibration,91,0,0,112.5,2,0,12.5,0.9996219873428345,0.00022486475063487887,0.00014960918633732945,3.6044859825778985e-06,0.9996219873428345,1,113.04736613840586,113.04736613840586,0.547366138405863,0.2996096894733464
C5,calibration,92,3,3,25.0,2,3,25.0,3.988540356658632e-06,1.5780807416376774e-07,7.106326052053191e-07,0.9999951124191284,0.9999951124191284,1,25.0,25.0,0.0,0.0
C5,calibration,93,2,2,12.5,2,2,12.5,0.0001380911417072639,0.0002532338839955628,0.99960857629776,1.3407279197963362e-07,0.99960857629776,1,12.5,12.5,0.0,0.0
C5,calibration,94,0,0,37.5,2,0,12.5,0.9996132254600525,0.00027451361529529095,0.00010878445027628914,3.497610805425211e-06,0.9996132254600525,1,38.110441383209704,38.110441383209704,0.6104413832097038,0.3726386823349764
C5,calibration,95,2,2,62.5,2,2,12.5,0.00010858735186047852,0.0006237086490727961,0.9992676377296448,1.5099853101219196e-07,0.9992676377296448,1,62.005211669375,62.005211669375,0.49478833062499916,0.24481549212267348
C5,calibration,96,3,3,100.0,2,3,89.63829980585166,4.078829533682438e-06,1.6519589962626924e-07,6.34522223208478e-07,0.9999951124191284,0.9999951124191284,1,94.80527585395419,94.80527585395419,5.1947241460458145,26.985158953511416
C5,calibration,97,3,3,250.0,2,3,241.5628598111134,4.097301371075446e-06,1.607860298236119e-07,6.675972485936654e-07,0.9999951124191284,0.9999951124191284,1,246.7213282797918,246.7213282797918,3.2786717202081945,10.749688248892962
C5,calibration,98,1,1,75.0,2,1,250.0,0.00023435993352904916,0.9988864064216614,0.0008792676962912083,5.305228967245057e-08,0.9988864064216614,1,66.27633789172084,66.27633789172084,8.723662108279157,76.10228057942555
C5,calibration,99,2,2,75.0,2,2,12.5,9.126497752731666e-05,0.0005615403642877936,0.9993470311164856,1.5862697466673126e-07,0.9993470311164856,1,75.50689469583367,75.50689469583367,0.5068946958336653,0.25694223266430405
C5,calibration,100,2,2,100.0,2,2,12.5,0.00010818448208738118,0.0003462220192886889,0.9995453953742981,1.6026312721351132e-07,0.9995453953742981,1,100.61095760881881,100.61095760881881,0.6109576088188078,0.37326919977359535
C5,calibration,101,3,3,75.0,2,3,71.00660453233189,4.265933966962621e-06,1.6377529732380935e-07,6.590408361262234e-07,0.9999948740005493,0.9999948740005493,1,71.03800855653449,71.03800855653449,3.9619914434655072,15.697376198093894
C5,calibration,102,3,3,100.0,2,3,84.10170482380003,4.21246477344539e-06,1.6424172599727171e-07,6.283714242272254e-07,0.9999949932098389,0.9999949932098389,1,101.91747188945892,101.91747188945892,1.9174718894589233,3.6766984468651733
C5,calibration,103,2,2,25.0,2,2,12.5,0.0001929126592585817,0.0013238844694569707,0.9984831213951111,1.5930083918647142e-07,0.9984831213951111,1,23.986613518202915,23.986613518202915,1.0133864817970846,1.0269521614890729
C5,calibration,104,1,1,100.0,2,1,210.9753013836002,0.00028188939904794097,0.9989651441574097,0.0007529305294156075,4.304855494297044e-08,0.9989651441574097,1,100.66099402133537,100.66099402133537,0.6609940213353696,0.43691309624110297
C5,calibration,105,3,3,200.0,2,3,198.92864034528088,4.354965767561225e-06,1.6417500603438384e-07,6.407269665942295e-07,0.9999948740005493,0.9999948740005493,1,198.21791117936914,198.21791117936914,1.782088820630861,3.1758405646174928
C5,calibration,106,1,1,200.0,2,1,140.1773211993443,0.00033529859501868486,0.9990178346633911,0.0006468737847171724,4.239737450006942e-08,0.9990178346633911,1,197.70173919483352,197.70173919483352,2.2982608051664783,5.2820027285644695
C5,calibration,107,1,1,125.0,2,1,250.0,0.0002993525704368949,0.9988765120506287,0.000824157556053251,4.595917602046029e-08,0.9988765120506287,1,123.6236185685074,123.6236185685074,1.3763814314926037,1.894425844957629
C5,calibration,108,3,3,200.0,2,3,172.70927450630847,4.2144379222008865e-06,1.583601374477439e-07,6.865388968435582e-07,0.9999949932098389,0.9999949932098389,1,205.46070893546909,205.46070893546909,5.460708935469086,29.819342077911916
C5,calibration,109,0,0,25.0,2,0,12.5,0.9996308088302612,0.00024679096532054245,0.00011853192700073123,3.777149458983331e-06,0.9996308088302612,1,26.331507199602342,26.331507199602342,1.331507199602342,1.772911422592871
C5,calibration,110,0,0,25.0,2,0,12.5,0.9996217489242554,0.0002589003706816584,0.00011585467291297391,3.5084378851024667e-06,0.9996217489242554,1,22.332904531074078,22.332904531074078,2.667095468925922,7.113398240365183
C5,calibration,111,1,1,125.0,2,1,250.0,0.00029277047724463046,0.998690664768219,0.0010165399871766567,5.303137484702347e-08,0.998690664768219,1,139.70162893388502,139.70162893388502,14.701628933885019,216.13789330964514
C5,calibration,112,0,0,100.0,2,0,12.5,0.9996263980865479,0.0002442853001412004,0.00012554432032629848,3.746909669644083e-06,0.9996263980865479,1,98.53404530405261,98.53404530405261,1.4659546959473886,2.1490231705702003
C5,calibration,113,0,0,112.5,2,0,12.5,0.9996607303619385,0.00020539363322313875,0.00013001701154280454,3.861103778035613e-06,0.9996607303619385,1,109.02134359378198,109.02134359378198,3.478656406218022,12.101050392521683
C5,calibration,114,3,3,25.0,2,3,25.0,4.01010538553237e-06,1.557020254949748e-07,7.264233659043384e-07,0.9999951124191284,0.9999951124191284,1,26.89075678590185,26.89075678590185,1.89075678590185,3.574961223433894
C5,calibration,115,3,3,75.0,2,3,74.49691474482137,4.260424702806631e-06,1.639703413047755e-07,6.577956241926586e-07,0.9999948740005493,0.9999948740005493,1,71.73741126142536,71.73741126142536,3.2625887385746353,10.644485277074029
C5,calibration,116,1,1,250.0,2,1,250.0,0.0002506995224393904,0.9994608759880066,0.00028844966436736286,3.8829025328368516e-08,0.9994608759880066,1,250.0,250.0,0.0,0.0
C5,calibration,117,3,3,150.0,2,3,140.70791460997285,4.181541044090409e-06,1.611945492641098e-07,6.721425052091945e-07,0.9999949932098389,0.9999949932098389,1,155.6116289613701,155.6116289613701,5.611628961370087,31.490379600087522
C5,calibration,118,0,0,37.5,2,0,12.5,0.999618411064148,0.0002720493357628584,0.00010583145194686949,3.676897449622629e-06,0.999618411064148,1,41.145341614216655,41.145341614216655,3.6453416142166546,13.288515484339685
C5,calibration,119,3,3,100.0,2,3,101.62646968299835,4.213569809508044e-06,1.6259055257705768e-07,6.668768151030235e-07,0.9999949932098389,0.9999949932098389,1,103.02752758100748,103.02752758100748,3.027527581007476,9.16592325376098
C5,calibration,120,3,3,50.0,2,3,49.00723249012731,4.300343334762147e-06,1.6311251727074705e-07,6.683551418973366e-07,0.9999948740005493,0.9999948740005493,1,45.276086019691554,45.276086019691554,4.723913980308446,22.31536329335358
C5,calibration,121,2,2,50.0,2,2,12.5,8.968894690042362e-05,0.0006124257342889905,0.9992977380752563,1.551813397782098e-07,0.9992977380752563,1,50.107653886870395,50.107653886870395,0.1076538868703949,0.011589359358303783
C5,calibration,122,2,2,125.0,2,2,12.5,5.8271798479836434e-05,0.00018885645840782672,0.9997527003288269,1.5827420440928108e-07,0.9997527003288269,1,124.80034607950407,124.80034607950407,0.19965392049593333,0.039861687969396466
C5,calibration,123,1,1,250.0,2,1,250.0,0.000300850544590503,0.9984194040298462,0.0012796761002391577,5.248282519687564e-08,0.9984194040298462,1,250.0,250.0,0.0,0.0
C5,calibration,124,0,0,87.5,2,0,12.5,0.9996296167373657,0.0002481330302543938,0.0001185064684250392,3.781585292017553e-06,0.9996296167373657,1,92.00936753913683,92.00936753913683,4.509367539136832,20.33439560302097
C5,calibration,125,2,2,125.0,2,2,12.5,7.952830492286012e-05,0.0008619236759841442,0.9990584254264832,1.5643750828076008e-07,0.9990584254264832,1,124.84238859505794,124.84238859505794,0.1576114049420596,0.02484135496780989
C5,calibration,126,1,1,50.0,2,1,119.32974209896548,0.00028934914735145867,0.9994109869003296,0.0002996659022755921,3.619558697209868e-08,0.9994109869003296,1,58.28512562959206,58.28512562959206,8.28512562959206,68.64330669812321
C5,calibration,127,3,3,250.0,2,3,250.0,4.135107246838743e-06,1.614032925090214e-07,6.63652031107631e-07,0.9999949932098389,0.9999949932098389,1,250.0,250.0,0.0,0.0
C5,calibration,128,3,3,200.0,2,3,119.79848603546594,3.869851298077265e-06,1.6623663157133706e-07,6.136843353488075e-07,0.9999953508377075,0.9999953508377075,1,200.84966746438653,200.84966746438653,0.8496674643865276,0.7219348000370311
C5,calibration,129,0,0,75.0,2,0,12.5,0.9996216297149658,0.0002684126375243068,0.00010626961011439562,3.7002243971073767e-06,0.9996216297149658,1,68.0059072721492,68.0059072721492,6.9940927278507985,48.917333085775425
C5,calibration,130,3,3,25.0,2,3,25.0,4.550911398837343e-06,1.5441351308709272e-07,7.196503020168166e-07,0.9999945163726807,0.9999945163726807,1,25.843180877855122,25.843180877855122,0.8431808778551222,0.7109539927805345
C5,calibration,131,0,0,50.0,2,0,12.5,0.9996131062507629,0.0002582163433544338,0.00012533007247839123,3.359265747349127e-06,0.9996131062507629,1,49.397906090332185,49.397906090332185,0.6020939096678148,0.3625170760590748
C5,calibration,132,1,1,25.0,2,1,50.5694208033222,0.000446669349912554,0.9985988736152649,0.0009545067441649735,5.131756708465218e-08,0.9985988736152649,1,25.0,25.0,0.0,0.0
C5,calibration,133,0,0,112.5,2,0,12.5,0.9996035695075989,0.00025678856763988733,0.00013601855607703328,3.7324230106605683e-06,0.9996035695075989,1,113.17422247417475,113.17422247417475,0.6742224741747549,0.45457594468232804
C5,calibration,134,1,1,50.0,2,1,175.61995721563744,0.00018769864982459694,0.9991758465766907,0.0006363973952829838,4.6079083659833486e-08,0.9991758465766907,1,44.10506609885376,44.10506609885376,5.8949339011462385,34.75024569888321
C5,calibration,135,0,0,25.0,2,0,12.5,0.9995717406272888,0.0003676670021377504,5.584914470091462e-05,4.675343916460406e-06,0.9995717406272888,1,27.78741860464547,27.78741860464547,2.7874186046454703,7.769702477523701
C5,calibration,136,2,2,125.0,2,2,12.5,6.241077790036798e-05,0.0003163396322634071,0.9996211528778076,1.5767248839893e-07,0.9996211528778076,1,124.52402980056176,124.52402980056176,0.4759701994382368,0.22654763075327494
C5,calibration,137,1,1,75.0,2,1,201.63578009644505,0.0002762705262284726,0.9993345141410828,0.00038923643296584487,3.755870636723557e-08,0.9993345141410828,1,99.30381755913251,99.30381755913251,24.30381755913251,590.6755479475978
C5,calibration,138,1,1,100.0,2,1,165.1185240409893,0.00038873200537636876,0.9979485869407654,0.001662663882598281,5.184158169413422e-08,0.9979485869407654,1,97.49113743705742,97.49113743705742,2.508862562942582,6.294391359734822
C5,calibration,139,2,2,12.5,2,2,12.5,0.0004669299232773483,0.007555022835731506,0.9919778108596802,1.7760855541837373e-07,0.9919778108596802,1,12.533572200011662,12.533572200011662,0.033572200011661835,0.0011270926136230269
C5,calibration,140,1,1,175.0,2,1,250.0,0.00029847354744561017,0.9987473487854004,0.0009542012703604996,4.822539878546195e-08,0.9987473487854004,1,178.7315420800942,178.7315420800942,3.7315420800941865,13.924406295513649
C5,calibration,141,3,3,200.0,2,3,173.013115511104,4.172713488515001e-06,1.5950888609950198e-07,6.810357717768056e-07,0.9999949932098389,0.9999949932098389,1,194.85326439615466,194.85326439615466,5.146735603845343,26.488887375889288
C5,calibration,142,0,0,12.5,2,0,12.5,0.9996131062507629,0.00023942450934555382,0.00014392423327080905,3.592052280509961e-06,0.9996131062507629,1,12.5,12.5,0.0,0.0
C5,calibration,143,1,1,225.0,2,1,250.0,0.00027131297974847257,0.9990580677986145,0.0006706059211865067,4.925025365309921e-08,0.9990580677986145,1,209.82728706579925,209.82728706579925,15.172712934200746,230.21121778366262
C5,calibration,144,2,2,100.0,2,2,12.5,8.838997746352106e-05,0.0005897103692404926,0.9993218183517456,1.563673208693217e-07,0.9993218183517456,1,100.44690158862107,100.44690158862107,0.4469015886210741,0.19972102991203974
C5,calibration,145,0,0,12.5,2,0,12.5,0.9996034502983093,0.00027413811767473817,0.00011903708218596876,3.3199482913914835e-06,0.9996034502983093,1,12.5,12.5,0.0,0.0
C5,calibration,146,1,1,175.0,2,1,178.50116569229385,0.00036423339042812586,0.9983708262443542,0.0012649863492697477,4.89708575912573e-08,0.9983708262443542,1,173.37222994225624,173.37222994225624,1.62777005774376,2.6496353608871237
C5,calibration,147,3,3,100.0,2,3,89.95828279666165,4.23340998167987e-06,1.5094047967068036e-07,6.909119747433579e-07,0.9999948740005493,0.9999948740005493,1,96.77284013285046,96.77284013285046,3.2271598671495383,10.414560808140626
C5,calibration,148,2,2,62.5,2,2,12.5,7.870719127822667e-05,0.000540193694178015,0.9993809461593628,1.3710220514440152e-07,0.9993809461593628,1,63.429425709681084,63.429425709681084,0.9294257096810838,0.8638321498161864
C5,calibration,149,0,0,25.0,2,0,12.5,0.9996169805526733,0.00026213814271613955,0.00011708078818628564,3.635032271631644e-06,0.9996169805526733,1,25.77585122334571,25.77585122334571,0.7758512233457111,0.6019451207670365
C5,calibration,150,2,2,87.5,2,2,12.5,8.798233466222882e-05,0.0011504283174872398,0.9987615346908569,1.599341459268544e-07,0.9987615346908569,1,86.8164448361144,86.8164448361144,0.6835551638856003,0.46724766207466994
C5,calibration,151,2,2,87.5,2,2,12.5,6.938728620298207e-05,0.00046183032100088894,0.9994686245918274,1.3891956029965513e-07,0.9994686245918274,1,88.55371888809293,88.55371888809293,1.0537188880929307,1.1103234951238021
C5,calibration,152,2,2,125.0,2,2,12.5,6.996158481342718e-05,0.0004098002682439983,0.9995201826095581,1.5571018252558133e-07,0.9995201826095581,1,125.0,125.0,0.0,0.0
C5,calibration,153,1,1,250.0,2,1,250.0,0.0006159236072562635,0.9981751441955566,0.0012090019881725311,5.8406023129009554e-08,0.9981751441955566,1,245.3510343213892,245.3510343213892,4.648965678610807,21.61288188090124
C5,calibration,154,2,2,100.0,2,2,12.5,9.20291495276615e-05,0.0010102245723828673,0.9988975524902344,1.647227634293813e-07,0.9988975524902344,1,99.88339682216943,99.88339682216943,0.1166031778305694,0.01359630108018739
C5,calibration,155,2,2,112.5,2,2,12.5,9.001958096632734e-05,0.0005888918531127274,0.9993209838867188,1.6474074016059603e-07,0.9993209838867188,1,112.83526230975215,112.83526230975215,0.335262309752153,0.11240081634034857
C5,calibration,156,0,0,75.0,2,0,12.5,0.9996321201324463,0.0002608580107335001,0.00010320662113372236,3.871386979881208e-06,0.9996321201324463,1,79.18882525849199,79.18882525849199,4.188825258491988,17.54625704618047
C5,calibration,157,1,1,200.0,2,1,250.0,0.0003494995180517435,0.9990780353546143,0.0005724370712414384,4.3920412196030156e-08,0.9990780353546143,1,194.17194087206707,194.17194087206707,5.8280591279329315,33.96627319868236
C5,calibration,158,0,0,125.0,2,0,12.5,0.9996340274810791,0.0002741750213317573,8.769572013989091e-05,4.057314527017297e-06,0.9996340274810791,1,119.3711185498661,119.3711185498661,5.628881450133903,31.684306379661553
C5,calibration,159,2,2,75.0,2,2,12.5,0.00010501715587452054,0.000900865241419524,0.9989940524101257,1.6331051710949396e-07,0.9989940524101257,1,76.63959483644642,76.63959483644642,1.6395948364464203,2.688271227701764
C5,calibration,160,3,3,175.0,2,3,168.58749096112206,4.157325292908354e-06,1.6087004439668817e-07,6.723495857841044e-07,0.9999949932098389,0.9999949932098389,1,179.52862095459827,179.52862095459827,4.528620954598267,20.50840775042652
C5,calibration,161,1,1,200.0,2,1,250.0,0.0002723492798395455,0.999427318572998,0.00030040074489079416,3.7294416443955924e-08,0.999427318572998,1,189.78965155886584,189.78965155886584,10.210348441134158,104.25121528937073
C5,calibration,162,0,0,37.5,2,0,12.5,0.999606192111969,0.0002823741815518588,0.00010797192226164043,3.4913177842099685e-06,0.999606192111969,1,41.35465304416733,41.35465304416733,3.8546530441673283,14.858350090908452
C5,calibration,163,0,0,125.0,2,0,12.5,0.9996411800384521,0.00021678120538126677,0.00013835757272318006,3.66268795914948e-06,0.9996411800384521,1,124.77510730164265,124.77510730164265,0.22489269835735115,0.050576725774450534
C5,calibration,164,3,3,200.0,2,3,148.07473227394726,4.064283984916983e-06,1.5787205143169558e-07,6.62623733660439e-07,0.9999951124191284,0.9999951124191284,1,199.529319350744,199.529319350744,0.4706806492559963,0.2215402735840462
C5,calibration,165,3,3,75.0,2,3,70.79709562566325,4.264705239620525e-06,1.6384622369969293e-07,6.586487302229216e-07,0.9999948740005493,0.9999948740005493,1,71.08483313147651,71.08483313147651,3.9151668685234853,15.328531608383994
C5,calibration,166,2,2,100.0,2,2,12.5,0.0001551500172354281,0.000734902685508132,0.9991098046302795,1.5487719906559505e-07,0.9991098046302795,1,99.65800534290611,99.65800534290611,0.3419946570938919,0.11696034548076868
C5,calibration,167,0,0,112.5,2,0,12.5,0.9996298551559448,0.0002321988868061453,0.00013404490891844034,3.8010457501513883e-06,0.9996298551559448,1,111.54991781253024,111.54991781253024,0.9500821874697607,0.9026561629473255
C5,calibration,168,0,0,25.0,2,0,12.5,0.9996142387390137,0.00027025153394788504,0.00011205796909052879,3.498525074974168e-06,0.9996142387390137,1,23.99389507128298,23.99389507128298,1.0061049287170185,1.0122471275886769
C5,calibration,169,3,3,50.0,2,3,56.24077062329377,4.2339556785009336e-06,1.6476870712267555e-07,6.499604410237225e-07,0.9999949932098389,0.9999949932098389,1,51.51069262491102,51.51069262491102,1.510692624911023,2.282192206960557
C5,calibration,170,0,0,75.0,2,0,12.5,0.999616265296936,0.00028948558610863984,9.051334200194106e-05,3.6581072890840005e-06,0.999616265296936,1,74.83873120677428,74.83873120677428,0.16126879322571597,0.02600762366847873
C5,calibration,171,1,1,50.0,2,1,113.66585872606458,0.00028620511875487864,0.9994958639144897,0.00021796439250465482,3.770618306475626e-08,0.9994958639144897,1,60.43635152819503,60.43635152819503,10.436351528195033,108.9174332200588
C5,calibration,172,0,0,62.5,2,0,12.5,0.9996201992034912,0.00025426532374694943,0.00012193583097541705,3.5630162074085092e-06,0.9996201992034912,1,63.904033253121405,63.904033253121405,1.4040332531214048,1.9713093758706748
C5,calibration,173,3,3,150.0,2,3,126.05286852895722,4.3527984416869e-06,1.7119543826993322e-07,6.035483579580614e-07,0.9999948740005493,0.9999948740005493,1,148.83400968604667,148.83400968604667,1.1659903139533299,1.3595334122329847
C5,calibration,174,1,1,75.0,2,1,250.0,0.00016924568626563996,0.9996349811553955,0.00019573821919038892,3.7513856909754395e-08,0.9996349811553955,1,78.90411944918311,78.90411944918311,3.9041194491831135,15.242148673489858
C5,calibration,175,2,2,37.5,2,2,12.5,6.0548361943801865e-05,0.00024122392642311752,0.9996981620788574,1.2698647822162457e-07,0.9996981620788574,1,36.849821280675485,36.849821280675485,0.650178719324515,0.4227323670624664
C5,calibration,176,3,3,250.0,2,3,214.08126641852118,4.153814188612159e-06,1.5830531197025266e-07,6.860558983134979e-07,0.9999949932098389,0.9999949932098389,1,246.68704827378338,246.68704827378338,3.3129517262166246,10.975649140241712
C5,calibration,177,2,2,62.5,2,2,12.5,0.00010535235924180597,0.0008540621493011713,0.999040424823761,1.609517710221553e-07,0.999040424823761,1,61.04531907627569,61.04531907627569,1.454680923724311,2.1160965898474147
C5,calibration,178,2,2,112.5,2,2,12.5,7.053540321066976e-05,0.0006177028990350664,0.9993116855621338,1.628394983299586e-07,0.9993116855621338,1,111.63623451473903,111.63623451473903,0.86376548526097,0.7460908135281189
C5,calibration,179,0,0,75.0,2,0,12.5,0.9996145963668823,0.0002968187036458403,8.492109191138297e-05,3.5961297726316843e-06,0.9996145963668823,1,68.93334320425568,68.93334320425568,6.066656795744322,36.80432467735076
C5,calibration,180,1,1,175.0,2,1,250.0,0.00025631149765104055,0.9993463158607483,0.00039733623270876706,3.8923186451711445e-08,0.9993463158607483,1,168.334022933004,168.334022933004,6.665977066995993,44.4352502577165
C5,calibration,181,0,0,37.5,2,0,12.5,0.9996222257614136,0.0002668467059265822,0.00010727744665928185,3.6931687645846978e-06,0.9996222257614136,1,42.849990829616665,42.849990829616665,5.349990829616665,28.622401876982412
C5,calibration,182,3,3,75.0,2,3,75.20098115550883,4.2685178414103575e-06,1.6362447752271692e-07,6.602656412724173e-07,0.9999948740005493,0.9999948740005493,1,70.40229707065427,70.40229707065427,4.597702929345729,21.138872226514298
C5,calibration,183,3,3,125.0,2,3,125.7803785663503,4.227878889651038e-06,1.614587148424107e-07,6.672795507256524e-07,0.9999949932098389,0.9999949932098389,1,125.43673498281025,125.43673498281025,0.43673498281025047,0.19073744521026978
C5,calibration,184,2,2,50.0,2,2,12.5,0.00019342910673003644,0.0016314677195623517,0.9981750249862671,1.6902711763577827e-07,0.9981750249862671,1,49.2586698508548,49.2586698508548,0.7413301491451989,0.5495703900316429
C5,calibration,185,2,2,87.5,2,2,12.5,7.345710037043318e-05,0.0003303450357634574,0.9995960593223572,1.543811407600515e-07,0.9995960593223572,1,86.39029402011789,86.39029402011789,1.1097059798821078,1.231447361786109
C5,calibration,186,0,0,50.0,2,0,12.5,0.9996182918548584,0.0002787292469292879,9.921871969709173e-05,3.6945982628822094e-06,0.9996182918548584,1,49.82593136402994,49.82593136402994,0.17406863597005895,0.0302998900284769
C5,calibration,187,0,0,87.5,2,0,12.5,0.9996275901794434,0.0002481613773852587,0.00012032571248710155,3.774134029299603e-06,0.9996275901794434,1,88.85974259645845,88.85974259645845,1.359742596458446,1.8488999286235563
C5,calibration,188,1,1,100.0,2,1,250.0,0.0003099640889558941,0.9992581009864807,0.0004319879226386547,4.3048039799487015e-08,0.9992581009864807,1,96.75969810536333,96.75969810536333,3.240301894636673,10.499556368386012
C5,calibration,189,1,1,150.0,2,1,181.98552492616363,0.0003569584514480084,0.9990746974945068,0.0005683065974153578,4.27936655000849e-08,0.9990746974945068,1,183.55033071762162,183.55033071762162,33.55033071762162,1125.6246912617848
C5,calibration,190,2,2,87.5,2,2,12.5,0.0004217211389914155,0.023391954600811005,0.9761855006217957,8.38124435631471e-07,0.9761855006217957,1,87.5401932692773,87.5401932692773,0.04019326927729594,0.0016154988951972216
C5,calibration,191,1,1,250.0,2,1,122.61777425615367,0.0004019893240183592,0.9988425374031067,0.0007555601769126952,4.597110958570738e-08,0.9988425374031067,1,197.98229316079625,197.98229316079625,52.017706839203754,2705.841824809345
C5,calibration,192,2,2,112.5,2,2,12.5,6.823899457231164e-05,0.00024192339333239943,0.9996896982192993,1.5647037798771635e-07,0.9996896982192993,1,112.75165654684733,112.75165654684733,0.25165654684732885,0.06333101757112182
C5,calibration,193,2,2,112.5,2,2,12.5,8.251839608419687e-05,0.0004461876815184951,0.9994712471961975,1.6138676528498763e-07,0.9994712471961975,1,112.36880534189106,112.36880534189106,0.1311946581089387,0.01721203831632132
C5,calibration,194,3,3,125.0,2,3,128.26061727961795,4.195781912130769e-06,1.6182220008431614e-07,6.684891218355915e-07,0.9999949932098389,0.9999949932098389,1,129.06695223355808,129.06695223355808,4.066952233558084,16.540100470043086
C5,calibration,195,1,1,125.0,2,1,247.72617383395288,0.00035595070221461356,0.9986670017242432,0.000977079733274877,4.926789287651445e-08,0.9986670017242432,1,115.18165343655627,115.18165343655627,9.818346563443725,96.39992923988721
C5,calibration,196,1,1,25.0,2,1,97.0765435965497,0.00023997131211217493,0.9991299510002136,0.0006300357053987682,4.46842065571218e-08,0.9991299510002136,1,25.0,25.0,0.0,0.0
C5,calibration,197,1,1,250.0,2,1,250.0,0.0002750815765466541,0.9991912245750427,0.0005337034235708416,4.897072969356486e-08,0.9991912245750427,1,250.0,250.0,0.0,0.0
C5,calibration,198,0,0,62.5,2,0,12.5,0.9996600151062012,0.00025432658731006086,8.177876588888466e-05,3.9658721107116435e-06,0.9996600151062012,1,64.37738443600662,64.37738443600662,1.877384436006622,3.5245723205599027
C5,calibration,199,3,3,225.0,2,3,25.0,4.4486928345577326e-06,1.7628762805088627e-07,6.556786047440255e-07,0.9999947547912598,0.9999947547912598,1,221.55317442341658,221.55317442341658,3.4468255765834215,11.880606555389637
C5,calibration,200,1,1,125.0,2,1,250.0,0.000254078273428604,0.9989573955535889,0.0007885076920501888,5.1382126997623345e-08,0.9989573955535889,1,132.6495269907007,132.6495269907007,7.649526990700707,58.515263181458614
C5,calibration,201,1,1,225.0,2,1,250.0,0.00022396423446480185,0.9989705085754395,0.0008055426878854632,4.3154340545470404e-08,0.9989705085754395,1,221.23316893104308,221.23316893104308,3.766831068956918,14.18901630205912
C5,calibration,202,3,3,50.0,2,3,57.746038255206486,4.278821506886743e-06,1.654078829460559e-07,6.513105290650856e-07,0.9999948740005493,0.9999948740005493,1,46.34824423168287,46.34824423168287,3.6517557683171304,13.335320191437436
C5,calibration,203,2,2,50.0,2,2,12.5,0.00014417170314118266,0.0007216213271021843,0.9991341233253479,1.5346886073075439e-07,0.9991341233253479,1,50.70093417755311,50.70093417755311,0.7009341775531084,0.4913087212620525
C5,calibration,204,2,2,112.5,2,2,12.5,5.483601853484288e-05,0.0004135124618187547,0.9995315074920654,1.587037701256122e-07,0.9995315074920654,1,112.49859651706856,112.49859651706856,0.0014034829314368835,1.9697643388346677e-06
C5,calibration,205,3,3,150.0,2,3,124.86933290985306,4.635379809769802e-06,1.5800283392763959e-07,6.573815198862576e-07,0.9999945163726807,0.9999945163726807,1,152.68789122159757,152.68789122159757,2.6878912215975674,7.224759219141263
C5,calibration,206,1,1,50.0,2,1,176.55122911783877,0.00016024780052248389,0.9993997812271118,0.000439916446339339,4.227095473652298e-08,0.9993997812271118,1,51.259260831475956,51.259260831475956,1.259260831475956,1.5857378416895158
C5,calibration,207,2,2,12.5,2,2,12.5,0.00020628659694921225,0.0006466492777690291,0.9991469383239746,1.1920788267616445e-07,0.9991469383239746,1,12.71312010836597,12.71312010836597,0.2131201083659704,0.04542018058992296
C5,calibration,208,3,3,250.0,2,3,204.65465923605927,4.158756837568944e-06,1.5824704746592033e-07,6.859610266474192e-07,0.9999949932098389,0.9999949932098389,1,244.15784079496214,244.15784079496214,5.842159205037859,34.13082417700859
C5,calibration,209,2,2,87.5,2,2,12.5,9.157187741948292e-05,0.0007012601708993316,0.999207079410553,1.533864235625515e-07,0.999207079410553,1,87.08723845078214,87.08723845078214,0.412761549217862,0.17037209651272953
C5,calibration,210,2,2,50.0,2,2,12.5,6.879733700770885e-05,0.00033119547879323363,0.9995998740196228,1.3135348808646086e-07,0.9995998740196228,1,50.304283940638875,50.304283940638875,0.3042839406388751,0.09258871653072247
C5,calibration,211,3,3,50.0,2,3,54.78665663182528,4.254894520272501e-06,1.6178778139419592e-07,6.684788331767777e-07,0.9999948740005493,0.9999948740005493,1,53.94140901144132,53.94140901144132,3.9414090114413227,15.534704995470864
C5,calibration,212,1,1,150.0,2,1,250.0,0.00026007206179201603,0.9986496567726135,0.0010902907233685255,5.3172609426610506e-08,0.9986496567726135,1,144.36105322160705,144.36105322160705,5.638946778392949,31.797720769548217
C5,calibration,213,2,2,125.0,2,2,12.5,9.538149606669322e-05,0.0010276294779032469,0.9988768696784973,1.504264588447768e-07,0.9988768696784973,1,125.0,125.0,0.0,0.0
C5,calibration,214,2,2,112.5,2,2,12.5,7.555362390121445e-05,0.0006798438844271004,0.9992444515228271,1.6600299090896442e-07,0.9992444515228271,1,112.63823989994813,112.63823989994813,0.13823989994813246,0.019110269937669674
C5,calibration,215,0,0,125.0,2,0,12.5,0.9996009469032288,0.00027057286933995783,0.000124825892271474,3.5873085835191887e-06,0.9996009469032288,1,125.0,125.0,0.0,0.0
C5,calibration,216,3,3,150.0,2,3,157.5046707549048,4.173361958237365e-06,1.612734337186339e-07,6.721047043356521e-07,0.9999949932098389,0.9999949932098389,1,150.52774835116787,150.52774835116787,0.5277483511678724,0.278518322160408
C5,calibration,217,1,1,225.0,2,1,250.0,0.00023853553284425288,0.9991341233253479,0.0006273409235291183,4.7517143997310995e-08,0.9991341233253479,1,208.33289446522218,208.33289446522218,16.667105534777818,277.79240690742137
C5,calibration,218,0,0,50.0,2,0,12.5,0.9996182918548584,0.00027651479467749596,0.0001015024827211164,3.679941983136814e-06,0.9996182918548584,1,49.275499569211135,49.275499569211135,0.724500430788865,0.5249008742132509
C5,calibration,219,1,1,200.0,2,1,250.0,0.0002861503162421286,0.999397873878479,0.00031595060136169195,3.724973751673133e-08,0.999397873878479,1,184.94016355963504,184.94016355963504,15.059836440364961,226.7986736105444
C5,calibration,220,3,3,150.0,2,3,153.0592779507732,4.163399808021495e-06,1.6389140000683255e-07,6.532153520311113e-07,0.9999949932098389,0.9999949932098389,1,152.23131672792408,152.23131672792408,2.2313167279240815,4.97877434031383
C5,calibration,221,2,2,12.5,2,2,12.5,0.00023227158817462623,0.0006674315663985908,0.9991002082824707,1.2590656695010694e-07,0.9991002082824707,1,12.5,12.5,0.0,0.0
C5,calibration,222,2,2,75.0,2,2,12.5,9.502692410023883e-05,0.0005328468978404999,0.9993720650672913,1.5695127331127878e-07,0.9993720650672913,1,74.28970018323821,74.28970018323821,0.7102998167617898,0.5045258296918321
C5,calibration,223,1,1,75.0,2,1,236.72758753603387,0.000205668926355429,0.9994887113571167,0.00030556097044609487,4.347073812027702e-08,0.9994887113571167,1,75.58421263984769,75.58421263984769,0.5842126398476921,0.3413044085578092
C5,calibration,224,2,2,125.0,2,2,12.5,0.00017272653349209577,0.0010544799733906984,0.9987726807594299,1.5545521137028118e-07,0.9987726807594299,1,124.77133851459905,124.77133851459905,0.22866148540094855,0.052286074905768205
C5,calibration,225,3,3,175.0,2,3,135.68343931341894,3.6413925954548176e-06,1.8751961761154234e-07,5.841600341227604e-07,0.9999955892562866,0.9999955892562866,1,175.48650852039924,175.48650852039924,0.48650852039924075,0.23669054042105844
C5,calibration,226,0,0,75.0,2,0,12.5,0.9996215105056763,0.00026531837647780776,0.00010953572927974164,3.6980579807277536e-06,0.9996215105056763,1,71.53382440737862,71.53382440737862,3.466175592621383,12.014373238884195
C5,calibration,227,3,3,50.0,2,3,42.66416189591928,4.343418368080165e-06,1.6305934025240276e-07,6.638810532422212e-07,0.9999948740005493,0.9999948740005493,1,49.5587910474703,49.5587910474703,0.44120895252969916,0.1946653397923543
C5,calibration,228,1,1,100.0,2,1,250.0,0.0004763197503052652,0.9966435432434082,0.00288008782081306,8.271344142940507e-08,0.9966435432434082,1,111.81448845906851,111.81448845906851,11.814488459068514,139.5821375494631
C5,calibration,229,3,3,125.0,2,3,134.74442331595782,4.180994892521994e-06,1.6246330858393776e-07,6.655730544480321e-07,0.9999949932098389,0.9999949932098389,1,130.7814505647706,130.7814505647706,5.7814505647706085,33.425170632886385
C5,calibration,230,3,3,125.0,2,3,123.94765036608045,4.192753749521216e-06,1.6198664809508045e-07,6.685356197522196e-07,0.9999949932098389,0.9999949932098389,1,124.79055894797052,124.79055894797052,0.20944105202947583,0.0438655542752136
C5,calibration,231,2,2,100.0,2,2,12.5,8.094396616797894e-05,0.0007601621909998357,0.9991587400436401,1.6068494801402267e-07,0.9991587400436401,1,99.95567162899673,99.95567162899673,0.04432837100327447,0.0019650044758039447
C5,calibration,232,3,3,75.0,2,3,67.56305312699277,4.245207492203917e-06,1.6325880380918534e-07,6.602108442166355e-07,0.9999948740005493,0.9999948740005493,1,82.37821595117161,82.37821595117161,7.378215951171612,54.43807062212321
C5,calibration,233,0,0,37.5,2,0,12.5,0.9996284246444702,0.00026579355471767485,0.00010195230424869806,3.7853333196835592e-06,0.9996284246444702,1,40.679685513952094,40.679685513952094,3.1796855139520943,10.110399967636795
C5,calibration,234,1,1,25.0,2,1,79.7575629105267,0.0003221284132450819,0.9993435740470886,0.00033427446032874286,4.232957451222319e-08,0.9993435740470886,1,34.075248041543176,34.075248041543176,9.075248041543176,82.36012701553325
C5,calibration,235,0,0,112.5,2,0,12.5,0.9996119141578674,0.0002643666521180421,0.00011983621516264975,3.7742261156381574e-06,0.9996119141578674,1,111.38862398107418,111.38862398107418,1.1113760189258244,1.2351566554434144
C5,calibration,236,3,3,200.0,2,3,163.52265268217332,4.175121375737945e-06,1.5930852725887235e-07,6.824329830124043e-07,0.9999949932098389,0.9999949932098389,1,195.77659013312143,195.77659013312143,4.223409866878569,17.837190903647254
C5,calibration,237,3,3,25.0,2,3,25.0,4.0669824556971435e-06,1.5990612212135602e-07,6.99768065715034e-07,0.9999951124191284,0.9999951124191284,1,25.0,25.0,0.0,0.0
C5,calibration,238,1,1,200.0,2,1,250.0,0.00018150563118979335,0.9984291195869446,0.001389183453284204,6.385244688544844e-08,0.9984291195869446,1,211.44257324739175,211.44257324739175,11.44257324739175,130.93248252192535
C5,calibration,239,2,2,75.0,2,2,12.5,6.689527072012424e-05,0.0007198338280431926,0.9992130994796753,1.479829023764978e-07,0.9992130994796753,1,75.0202944405064,75.0202944405064,0.0202944405064045,0.0004118643154679917
C5,calibration,240,2,2,25.0,2,2,12.5,0.000196771725313738,0.0008096002857200801,0.998993456363678,1.4997800690252916e-07,0.998993456363678,1,24.60038073644415,24.60038073644415,0.39961926355584865,0.15969555580491882
C5,calibration,241,1,1,200.0,2,1,250.0,0.0002864395210053772,0.9989312291145325,0.0007824170170351863,4.442516043923206e-08,0.9989312291145325,1,202.20516979155528,202.20516979155528,2.205169791555278,4.862773809587948
C5,calibration,242,1,1,50.0,2,1,169.33298775235045,0.00038252005469985306,0.999488115310669,0.000129336811369285,4.5371599810550833e-08,0.999488115310669,1,46.539747279914714,46.539747279914714,3.460252720085286,11.973348886857622
C5,calibration,243,2,2,62.5,2,2,12.5,0.00012318728840909898,0.000176461020600982,0.9997003078460693,1.4005517812165635e-07,0.9997003078460693,1,62.56710824894532,62.56710824894532,0.06710824894531697,0.004503517076506636
C5,calibration,244,0,0,62.5,2,0,12.5,0.9996187686920166,0.0002708490064833313,0.00010659756662789732,3.6769197322428226e-06,0.9996187686920166,1,64.80237462756332,64.80237462756332,2.3023746275633243,5.300928925647357
C5,calibration,245,1,1,200.0,2,1,250.0,0.00021634734002873302,0.9994621872901917,0.0003215049218852073,4.409757181633722e-08,0.9994621872901917,1,198.13100531594867,198.13100531594867,1.86899468405133,3.4931411290121313
C5,calibration,246,0,0,112.5,2,0,12.5,0.9996299743652344,0.0002338291087653488,0.00013237034727353603,3.80124924959091e-06,0.9996299743652344,1,110.3230077748934,110.3230077748934,2.176992225106602,4.739295148174595
C5,calibration,247,2,2,87.5,2,1,25.0,0.000382508005714044,0.8916027545928955,0.10801432281732559,4.3049675468864734e-07,0.8916027545928955,0,78.49524722395415,78.49524722395415,9.004752776045848,81.0855725577054
C5,calibration,248,3,3,175.0,2,3,170.77825886604563,4.15450722357491e-06,1.6091254906314134e-07,6.720617307109933e-07,0.9999949932098389,0.9999949932098389,1,180.56906316319328,180.56906316319328,5.569063163193277,31.014464515636313
C5,calibration,249,0,0,87.5,2,0,12.5,0.9996644258499146,0.0002418985968688503,8.977355901151896e-05,3.9356800698442385e-06,0.9996644258499146,1,87.2069835017006,87.2069835017006,0.29301649829939436,0.08585866827563897
C5,calibration,250,3,3,175.0,2,3,153.5669777613661,4.322224867792102e-06,1.6197905949866254e-07,6.576225359822274e-07,0.9999948740005493,0.9999948740005493,1,177.24377588492362,177.24377588492362,2.243775884923622,5.034530221764782
C5,calibration,251,1,1,225.0,2,1,250.0,0.0002648951194714755,0.9994507431983948,0.0002843370893970132,3.83095652978227e-08,0.9994507431983948,1,222.8152612400163,222.8152612400163,2.184738759983702,4.773083449375124
C5,calibration,252,1,1,175.0,2,1,250.0,0.00021241036301944405,0.9990208148956299,0.0007666908786632121,5.00428640748396e-08,0.9990208148956299,1,174.92006172865348,174.92006172865348,0.07993827134652065,0.006390127225869965
C5,calibration,253,0,0,125.0,2,0,12.5,0.9996246099472046,0.000235678642638959,0.00013593881158158183,3.7341965253290255e-06,0.9996246099472046,1,125.0,125.0,0.0,0.0
C5,calibration,254,0,0,12.5,2,0,12.5,0.9996050000190735,0.00021208872203715146,0.00017927355656865984,3.6895460198138608e-06,0.9996050000190735,1,12.5,12.5,0.0,0.0
C5,calibration,255,2,2,62.5,2,2,12.5,0.00011411088053137064,0.0006258741486817598,0.999259889125824,1.5362026317689015e-07,0.999259889125824,1,61.68989515410334,61.68989515410334,0.8101048458966602,0.6562698613452516
C5,calibration,256,3,3,100.0,2,3,114.00831590234712,4.218934009259101e-06,1.6461461882499862e-07,6.515106747428945e-07,0.9999949932098389,0.9999949932098389,1,97.36632883548093,97.36632883548093,2.633671164519072,6.936223802819244
C5,calibration,257,0,0,12.5,2,0,12.5,0.9996110796928406,0.0002444225247018039,0.00014092714991420507,3.5566690712585114e-06,0.9996110796928406,1,12.542599738301611,12.542599738301611,0.04259973830161101,0.0018147377033657442
C5,calibration,258,0,0,50.0,2,0,12.5,0.9996101260185242,0.0002815132320392877,0.00010491619468666613,3.6328101487015374e-06,0.9996101260185242,1,51.27967143186325,51.27967143186325,1.2796714318632496,1.6375589735269396
C5,calibration,259,0,0,50.0,2,0,12.5,0.9996194839477539,0.0002763345546554774,0.00010047623072750866,3.7037680158391595e-06,0.9996194839477539,1,47.90380883567073,47.90380883567073,2.0961911643292694,4.394017397412099
C5,calibration,260,1,1,200.0,2,1,207.88989650604003,0.0003045900957658887,0.9993590712547302,0.0003363205469213426,3.9974544563392556e-08,0.9993590712547302,1,199.74933425234227,199.74933425234227,0.25066574765773453,0.06283331704881104
C5,calibration,261,2,2,37.5,2,2,12.5,6.0473081248346716e-05,0.0002646196517162025,0.9996747970581055,1.354946022047443e-07,0.9996747970581055,1,37.65068953850533,37.65068953850533,0.15068953850533262,0.022707337014950122
C5,calibration,262,3,3,175.0,2,3,178.32588187862387,4.1618200157245155e-06,1.6275517111807858e-07,6.594451633645804e-07,0.9999949932098389,0.9999949932098389,1,173.58954354836484,173.58954354836484,1.4104564516351559,1.9893874019592348
C5,calibration,263,0,0,12.5,2,0,12.5,0.9996106028556824,0.0002734661684371531,0.00011201054439879954,3.986212050222093e-06,0.9996106028556824,1,12.5,12.5,0.0,0.0
C5,calibration,264,3,3,100.0,2,3,113.96228731419184,4.2105289139726665e-06,1.652461492085422e-07,6.487435939561692e-07,0.9999949932098389,0.9999949932098389,1,104.39273077636852,104.39273077636852,4.3927307763685235,19.29608367365521
C5,calibration,265,0,0,125.0,2,0,12.5,0.9996142387390137,0.00020096586376894265,0.0001811555994208902,3.728350293386029e-06,0.9996142387390137,1,125.0,125.0,0.0,0.0
C5,calibration,266,0,0,12.5,2,0,12.5,0.9996166229248047,0.0002326815010746941,0.00014709716197103262,3.515849130053539e-06,0.9996166229248047,1,12.5,12.5,0.0,0.0
C5,calibration,267,3,3,125.0,2,3,152.5448404366771,4.193589575152146e-06,1.6390906409924355e-07,6.545573114635772e-07,0.9999949932098389,0.9999949932098389,1,128.2705187942671,128.2705187942671,3.2705187942671046,10.696293183654355
C5,calibration,268,3,3,250.0,2,3,204.69320407247562,4.150218956056051e-06,1.5846104872707656e-07,6.852836804682738e-07,0.9999949932098389,0.9999949932098389,1,246.56030549358604,246.56030549358604,3.4396945064139572,11.831498297454356
C5,calibration,269,0,0,62.5,2,0,12.5,0.9996252059936523,0.0002667019434738904,0.000104427250334993,3.731108563442831e-06,0.9996252059936523,1,60.94870787450505,60.94870787450505,1.5512921254949532,2.4065072586226495
C5,calibration,270,1,1,150.0,2,1,250.0,0.00036572737735696137,0.9989091157913208,0.00072522833943367,4.532664021894561e-08,0.9989091157913208,1,161.20498187686033,161.20498187686033,11.20498187686033,125.55161886076844
C5,calibration,271,0,0,125.0,2,0,12.5,0.9996100068092346,0.00023280401364900172,0.00015331452596001327,3.8041616789996624e-06,0.9996100068092346,1,120.70502743587339,120.70502743587339,4.29497256412661,18.446789326600307
C5,calibration,272,2,2,25.0,2,2,12.5,0.0002452576591167599,0.0011300318874418736,0.9986245632171631,1.494200603247009e-07,0.9986245632171631,1,26.148486668345868,26.148486668345868,1.1484866683458677,1.319021627368191
C5,calibration,273,0,0,87.5,2,0,12.5,0.9996238946914673,0.00024215721350628883,0.0001303373574046418,3.5873531487595756e-06,0.9996238946914673,1,84.38555125865429,84.38555125865429,3.1144487413457114,9.699790962469885
C5,calibration,274,3,3,225.0,2,3,200.50311683286918,4.161553988524247e-06,1.5890489635239646e-07,6.824668048466265e-07,0.9999949932098389,0.9999949932098389,1,222.51220391817776,222.51220391817776,2.487796081822239,6.189129344730085
C5,calibration,275,3,3,175.0,2,3,164.20891545790244,4.15450722357491e-06,1.6075011899374658e-07,6.730219297423901e-07,0.9999949932098389,0.9999949932098389,1,175.88172299348128,175.88172299348128,0.8817229934812758,0.777435437233582
C5,calibration,276,3,3,225.0,2,3,25.0,4.35770743933972e-06,1.6903337041185296e-07,6.894670150359161e-07,0.9999947547912598,0.9999947547912598,1,225.0165208199171,225.0165208199171,0.016520819917104745,0.0002729374907334049
C5,calibration,277,2,2,75.0,2,2,12.5,9.266622510040179e-05,0.0005171642987988889,0.9993900060653687,1.5645764506189153e-07,0.9993900060653687,1,75.76826722408704,75.76826722408704,0.7682672240870403,0.5902345276064066
C5,calibration,278,1,1,50.0,2,1,41.41879522574129,0.000352881703292951,0.9990880489349365,0.0005590581567957997,4.7189359975163825e-08,0.9990880489349365,1,54.73316350632166,54.73316350632166,4.7331635063216595,22.402836777575146
C5,calibration,279,1,1,25.0,2,1,53.15137366483606,0.00039299597847275436,0.999308705329895,0.0002983387385029346,4.0861408479031525e-08,0.999308705329895,1,25.0,25.0,0.0,0.0
C5,calibration,280,0,0,100.0,2,0,12.5,0.9996315240859985,0.0002432267356198281,0.00012140056060161442,3.7668351069441997e-06,0.9996315240859985,1,101.976922993129,101.976922993129,1.9769229931289942,3.908224520762101
C5,calibration,281,3,3,225.0,2,3,25.0,5.20876346854493e-06,1.8152650227420963e-07,5.603089334726974e-07,0.9999940395355225,0.9999940395355225,1,226.92529386550478,226.92529386550478,1.9252938655047842,3.706756468550354
C5,calibration,282,3,3,100.0,2,3,105.98828355781237,4.201207502774196e-06,1.630324533152816e-07,6.638596232733107e-07,0.9999949932098389,0.9999949932098389,1,104.12408347294722,104.12408347294722,4.12408347294722,17.0080644918364
C5,calibration,283,2,2,75.0,2,2,12.5,7.67782621551305e-05,0.0006006236071698368,0.9993225336074829,1.5908408101950045e-07,0.9993225336074829,1,74.88419791979692,74.88419791979692,0.11580208020308191,0.013410121779361016
C5,calibration,284,1,1,100.0,2,1,79.70820567643909,0.00039533022209070623,0.9992769360542297,0.0003276521456427872,4.388920515907557e-08,0.9992769360542297,1,111.49003748755638,111.49003748755638,11.490037487556378,132.02096146545088
C5,calibration,285,2,2,50.0,2,2,12.5,0.000119230811833404,0.0008422564133070409,0.9990384578704834,1.573523178421965e-07,0.9990384578704834,1,50.734390659920805,50.734390659920805,0.7343906599208054,0.5393296413789161
C5,calibration,286,2,2,62.5,2,2,12.5,0.00013804198533762246,0.0008245061617344618,0.9990373849868774,1.559448890020576e-07,0.9990373849868774,1,60.88996517163474,60.88996517163474,1.610034828365258,2.5922121485491454
C5,calibration,287,3,3,250.0,2,3,250.0,4.901503416476771e-06,1.3321773906227463e-07,9.016081889967609e-07,0.9999940395355225,0.9999940395355225,1,250.0,250.0,0.0,0.0
C5,calibration,288,0,0,37.5,2,0,12.5,0.9996205568313599,0.00026842617080546916,0.00010749838111223653,3.4743782180157723e-06,0.9996205568313599,1,38.87730212609401,38.87730212609401,1.3773021260940084,1.8969611465430758
C5,calibration,289,1,1,225.0,2,1,250.0,0.00022572460875380784,0.9991921782493591,0.0005821427912451327,4.379692697398241e-08,0.9991921782493591,1,214.8504047428169,214.8504047428169,10.149595257183108,103.01428388463384
C5,calibration,290,2,2,100.0,2,2,12.5,6.531663530040532e-05,0.00046174594899639487,0.9994727969169617,1.4253006952458236e-07,0.9994727969169617,1,98.97682997446708,98.97682997446708,1.0231700255329201,1.0468769011490364
C5,calibration,291,1,1,125.0,2,1,242.37755705803283,0.0002515521482564509,0.9991198182106018,0.0006286408752202988,4.4236262652930236e-08,0.9991198182106018,1,135.05790823523324,135.05790823523324,10.057908235233242,101.16151806837267
C5,calibration,292,2,2,37.5,2,2,12.5,0.00015783139679115266,0.0006662505329586565,0.9991757273674011,1.5125644381441816e-07,0.9991757273674011,1,37.84052749952616,37.84052749952616,0.3405274995261607,0.11595897793353936
C5,calibration,293,2,2,62.5,2,2,12.5,0.00011341368372086436,0.0009603554499335587,0.9989261031150818,1.6082074694168114e-07,0.9989261031150818,1,62.92994129574255,62.92994129574255,0.4299412957425517,0.18484951778478428
C5,calibration,294,1,1,150.0,2,1,250.0,0.0002681291080079973,0.9986666440963745,0.0010652473429217935,5.6309694684841816e-08,0.9986666440963745,1,162.27269017990088,162.27269017990088,12.272690179900877,150.61892425183544
C5,calibration,295,1,1,175.0,2,1,250.0,0.00016922243230510503,0.9990401864051819,0.0007906092214398086,4.955182930643787e-08,0.9990401864051819,1,171.12321701736843,171.12321701736843,3.8767829826315676,15.029446294421714
C5,calibration,296,1,1,25.0,2,1,57.47712157731024,0.00040767283644527197,0.9988357424736023,0.0007566074491478503,4.6443275891761004e-08,0.9988357424736023,1,25.0,25.0,0.0,0.0
C5,calibration,297,2,2,25.0,2,2,12.5,6.276724889175966e-05,0.0007095581386238337,0.9992275238037109,1.2916868286083627e-07,0.9992275238037109,1,25.30961497940497,25.30961497940497,0.3096149794049694,0.09586143547193962
C5,calibration,298,2,2,37.5,2,2,12.5,6.220972863957286e-05,0.00026060541858896613,0.9996770620346069,1.3201884030422661e-07,0.9996770620346069,1,38.00875660245491,38.00875660245491,0.5087566024549091,0.2588332805414624
C5,calibration,299,3,3,175.0,2,3,137.06280093685035,4.436994458956178e-06,1.6983709372198064e-07,6.15172268680908e-07,0.9999947547912598,0.9999947547912598,1,180.73064032925214,180.73064032925214,5.7306403292521395,32.84023858325107
C5,calibration,300,3,3,75.0,2,3,78.54057420177043,4.266828909749165e-06,1.6334820429619867e-07,6.619774239879916e-07,0.9999948740005493,0.9999948740005493,1,76.74445093094769,76.74445093094769,1.7444509309476928,3.043109050484272
C5,calibration,301,2,2,100.0,2,2,12.5,6.647233385592699e-05,0.0003060166200157255,0.9996273517608643,1.5639542993994837e-07,0.9996273517608643,1,100.06079195300683,100.06079195300683,0.06079195300682727,0.0036956615503842953
C5,calibration,302,2,2,87.5,2,2,12.5,8.952948701335117e-05,0.0006355003570206463,0.9992749094963074,1.5042068923776242e-07,0.9992749094963074,1,87.19533318757291,87.19533318757291,0.3046668124270866,0.09282186659448156
C5,calibration,303,0,0,75.0,2,0,12.5,0.9996165037155151,0.0002540895948186517,0.00012586830416694283,3.5656476029544137e-06,0.9996165037155151,1,73.76993116542216,73.76993116542216,1.2300688345778354,1.5130693377996742
C5,calibration,304,2,2,112.5,2,2,12.5,5.721754860132933e-05,0.0003296595241408795,0.9996129870414734,1.5899180993983464e-07,0.9996129870414734,1,112.70950122207182,112.70950122207182,0.20950122207182176,0.04389076204958678
C5,calibration,305,1,1,225.0,2,1,250.0,0.0004898341139778495,0.9964481592178345,0.0030618763994425535,8.433342912894659e-08,0.9964481592178345,1,225.33497853013534,225.33497853013534,0.33497853013534495,0.1122106156516362
C5,calibration,306,1,1,25.0,2,1,92.33024671659291,0.00045603825128637254,0.9967576861381531,0.0027861485723406076,6.344243530520544e-08,0.9967576861381531,1,25.0,25.0,0.0,0.0
C5,calibration,307,0,0,87.5,2,0,12.5,0.9996232986450195,0.0002586904738564044,0.00011420737428124994,3.807130042332574e-06,0.9996232986450195,1,92.85477503369827,92.85477503369827,5.3547750336982745,28.673615661518355
C5,calibration,308,0,0,12.5,2,0,12.5,0.9996066689491272,0.00025964542874135077,0.00013041877537034452,3.37826327267976e-06,0.9996066689491272,1,12.5,12.5,0.0,0.0
C5,calibration,309,1,1,150.0,2,1,250.0,0.00024032258079387248,0.9989782571792603,0.0007814012933522463,4.831159117202333e-08,0.9989782571792603,1,148.52138000911035,148.52138000911035,1.478619990889655,2.186317077458523
C5,calibration,310,3,3,25.0,2,3,25.0,4.728706699097529e-06,1.538769254239014e-07,7.499617140638293e-07,0.9999943971633911,0.9999943971633911,1,33.065690285654185,33.065690285654185,8.065690285654185,65.05535978409628
C5,calibration,311,2,2,25.0,2,2,12.5,0.00016049618716351688,0.0005302467034198344,0.9993091821670532,1.3190960146403086e-07,0.9993091821670532,1,25.20301107994206,25.20301107994206,0.20301107994205836,0.04121349857924081
C5,calibration,312,2,2,25.0,2,2,12.5,9.446511103305966e-05,0.0006579594337381423,0.9992474317550659,1.465160153202305e-07,0.9992474317550659,1,24.765970408939694,24.765970408939694,0.23402959106030607,0.054769849491854095
C5,calibration,313,1,1,175.0,2,1,250.0,0.00023340662301052362,0.9992846846580505,0.0004820259928237647,4.0683431734578335e-08,0.9992846846580505,1,162.76942824689925,162.76942824689925,12.230571753100747,149.58688540774588
C5,calibration,314,2,2,37.5,2,2,12.5,0.0001330016675638035,0.0005895213107578456,0.9992774128913879,1.4903029921242705e-07,0.9992774128913879,1,37.43393101253115,37.43393101253115,0.06606898746885292,0.004365111105159445
C5,calibration,315,0,0,50.0,2,0,12.5,0.9995829463005066,0.00036717491457238793,4.614103090716526e-05,3.862497123918729e-06,0.9995829463005066,1,53.54454636148958,53.54454636148958,3.54454636148958,12.56380890874902
C5,calibration,316,2,2,12.5,2,2,12.5,0.0002503003634046763,0.0013985238038003445,0.9983510971069336,1.5508875605974026e-07,0.9983510971069336,1,12.757000162392359,12.757000162392359,0.2570001623923588,0.06604908346969879
C5,calibration,317,0,0,125.0,2,0,12.5,0.9996304512023926,0.0002341947692912072,0.0001315640693064779,3.770468310904107e-06,0.9996304512023926,1,120.33834524821884,120.33834524821884,4.661654751781157,21.731025024803838
C5,calibration,318,0,0,75.0,2,0,12.5,0.9996315240859985,0.0002614610712043941,0.00010321522131562233,3.758732191272429e-06,0.9996315240859985,1,66.106441220791,66.106441220791,8.893558779209002,79.09538775924551
C5,calibration,319,3,3,200.0,2,3,208.27463625723806,4.1195403355231974e-06,1.62101486012034e-07,6.603206088584557e-07,0.9999951124191284,0.9999951124191284,1,199.85787627605976,199.85787627605976,0.14212372394024442,0.020199152906642804
