candidate,scope,final_n,final_rmse,final_mae,final_nrmse_range,final_p90ae,final_p95ae,final_bias,final_route_acc,raw_n,raw_rmse,raw_mae,raw_nrmse_range,raw_p90ae,raw_p95ae,raw_bias,raw_route_acc
M0_R3aK16_depth4_dct16,ALL,1320,23.313549633034025,13.96856836415491,0.15556255410619688,31.45580604672432,40.309723302855986,0.7335264219801724,0.9818181818181818,1320,23.996875984834666,14.570481836080944,0.16355343900328853,31.902603060007078,47.270495090633595,2.2192689143580395,0.9818181818181818
M0_R3aK16_depth4_dct16,CO,330,32.05862770840593,21.348681513299525,0.14248278981513746,47.38814607262618,61.06099337339402,-3.206915279873371,0.9727272727272728,330,32.06318407143319,21.36861457364086,0.14250304031748084,47.38814607262618,61.06099337339402,-3.2268483402147083,0.9727272727272728
M0_R3aK16_depth4_dct16,CO_high,99,40.641107236255166,26.08852330877474,0.18062714327224516,58.04053574800491,76.22290581464766,-19.880629956458854,0.9797979797979798,99,40.641107236255166,26.08852330877474,0.18062714327224516,58.04053574800491,76.22290581464766,-19.880629956458854,0.9797979797979798
M0_R3aK16_depth4_dct16,nonCO,990,19.547640739328717,11.508530647773375,0.15968457196054672,25.152599886059768,34.84290830790995,2.0470069892646876,0.9848484848484849,990,20.618377363633087,12.30443759022764,0.16999195386790528,27.38746620714666,34.274892099201665,4.034641332548956,0.9848484848484849
M0_R3aK16_depth4_dct16,C3_ALL,680,21.358209470750378,13.744018016718174,0.15076236877339985,29.334718994277917,38.63573176947019,2.0033158739821864,0.9882352941176471,680,22.77999909407924,14.912438285751064,0.16637105833062352,31.63615211844445,48.049368020147085,4.8874042415392225,0.9882352941176471
M0_R3aK16_depth4_dct16,C3_CO,170,25.14177465484068,17.087730127043216,0.11174122068818079,32.59603388607501,51.658460050821304,-1.571948867331166,0.9882352941176471,170,25.153050933928665,17.126423714764634,0.11179133748412738,32.59603388607501,51.658460050821304,-1.6106424550525837,0.9882352941176471
M0_R3aK16_depth4_dct16,C3_CO_high,51,28.053306244245213,17.736126190307093,0.12468136108553428,36.09825223684311,48.32874462008475,-11.870978597332448,1.0,51,28.053306244245213,17.736126190307093,0.12468136108553428,36.09825223684311,48.32874462008475,-11.870978597332448,1.0
M0_R3aK16_depth4_dct16,C3_nonCO,510,19.938100999435022,12.629447313276497,0.16169010168815914,27.622457595965468,37.7855497770653,3.1950707877533033,0.9882352941176471,510,21.93199689662111,14.174443142746538,0.18094199168399877,31.101885586977005,47.1029858291149,7.053419807069825,0.9882352941176471
M0_R3aK16_depth4_dct16,C4_ALL,320,17.210038285210004,12.261191072575457,0.10351989086342385,25.669758766889576,33.76356981694699,-1.153212794342835,0.996875,320,17.210038285210004,12.261191072575457,0.10351989086342385,25.669758766889576,33.76356981694699,-1.153212794342835,0.996875
M0_R3aK16_depth4_dct16,C4_CO,80,24.092599545784314,19.255321866367012,0.10707822020348584,37.80124858021737,44.89274282008409,-6.614099841099232,1.0,80,24.092599545784314,19.255321866367012,0.10707822020348584,37.80124858021737,44.89274282008409,-6.614099841099232,1.0
M0_R3aK16_depth4_dct16,C4_CO_high,24,30.24269149973414,26.624833544095356,0.13441196222104063,44.06854882836341,54.97278101742263,-16.02999158203602,1.0,24,30.24269149973414,26.624833544095356,0.13441196222104063,44.06854882836341,54.97278101742263,-16.02999158203602,1.0
M0_R3aK16_depth4_dct16,C4_nonCO,240,14.192583958298432,9.929814141311605,0.10230628194390042,20.046328119933587,25.662537291646,0.6670828879092974,0.9958333333333333,240,14.192583958298432,9.929814141311605,0.10230628194390042,20.046328119933587,25.662537291646,0.6670828879092974,0.9958333333333333
M0_R3aK16_depth4_dct16,C5_ALL,320,31.248572850346353,16.15311514403743,0.20200911744201022,37.31839691809,60.86397159844638,-0.07803694720109897,0.953125,320,31.248572850346353,16.15311514403743,0.20200911744201022,37.31839691809,60.86397159844638,-0.07803694720109897,0.953125
M0_R3aK16_depth4_dct16,C5_CO,80,48.12283523381085,32.496562856026685,0.21387926770582602,66.91688239574441,90.92376992106438,-3.2740343452996967,0.9125,80,48.12283523381085,32.496562856026685,0.21387926770582602,66.91688239574441,90.92376992106438,-3.2740343452996967,0.9125
M0_R3aK16_depth4_dct16,C5_CO_high,24,65.00992977007193,43.30105695019787,0.2889330212003197,80.91740056872368,91.00580893456933,-40.751777469025306,0.9166666666666666,24,65.00992977007193,43.30105695019787,0.2889330212003197,80.91740056872368,91.00580893456933,-40.751777469025306,0.9166666666666666
M0_R3aK16_depth4_dct16,C5_nonCO,240,23.02235109477386,10.70529924004101,0.19789424192770166,25.110696479678154,33.33552621304985,0.9872955188317669,0.9666666666666667,240,23.02235109477386,10.70529924004101,0.19789424192770166,25.110696479678154,33.33552621304985,0.9872955188317669,0.9666666666666667
M1_R3aK8_depth4_dct8,ALL,1320,24.392916802060665,13.75563364577443,0.15342070839876168,32.656678408384344,44.034893400967114,-1.1120331293111088,0.9818181818181818,1320,24.392916802060665,13.75563364577443,0.15342070839876168,32.656678408384344,44.034893400967114,-1.1120331293111088,0.9818181818181818
M1_R3aK8_depth4_dct8,CO,330,35.89215652688974,23.585367170374163,0.15952069567506555,49.268803447485,61.16377741098404,-2.1869558731630203,0.9727272727272728,330,35.89215652688974,23.585367170374163,0.15952069567506555,49.268803447485,61.16377741098404,-2.1869558731630203,0.9727272727272728
M1_R3aK8_depth4_dct8,CO_high,99,44.82924513236298,28.942137972141307,0.1992410894771688,57.364098131656654,72.1415023505687,-21.079748643637455,0.9797979797979798,99,44.82924513236298,28.942137972141307,0.1992410894771688,57.364098131656654,72.1415023505687,-21.079748643637455,0.9797979797979798
M1_R3aK8_depth4_dct8,nonCO,990,19.077129940483356,10.479055804241186,0.15133274894929888,21.85874037444592,34.836930185556405,-0.7537255480271385,0.9848484848484849,990,19.077129940483356,10.479055804241186,0.15133274894929888,21.85874037444592,34.836930185556405,-0.7537255480271385,0.9848484848484849
M1_R3aK8_depth4_dct8,C3_ALL,680,21.67702503855269,13.09091089420048,0.13445738628352621,29.82280455529691,43.31538323312997,-1.1913140676573242,0.9882352941176471,680,21.67702503855269,13.09091089420048,0.13445738628352621,29.82280455529691,43.31538323312997,-1.1913140676573242,0.9882352941176471
M1_R3aK8_depth4_dct8,C3_CO,170,31.05329223340312,20.753957297762526,0.13801463214845833,44.25657637417315,54.80794321745632,-1.777356449405058,0.9882352941176471,170,31.05329223340312,20.753957297762526,0.13801463214845833,44.25657637417315,54.80794321745632,-1.777356449405058,0.9882352941176471
M1_R3aK8_depth4_dct8,C3_CO_high,51,39.896892429704906,24.683595331860523,0.17731952190979958,44.02892738580704,61.105616390705094,-18.531966077930786,1.0,51,39.896892429704906,24.683595331860523,0.17731952190979958,44.02892738580704,61.105616390705094,-18.531966077930786,1.0
M1_R3aK8_depth4_dct8,C3_nonCO,510,17.46679420648435,10.536562093013131,0.1332505362312103,22.82370358705521,36.66007962077854,-0.9959666070747459,0.9882352941176471,510,17.46679420648435,10.536562093013131,0.1332505362312103,22.82370358705521,36.66007962077854,-0.9959666070747459,0.9882352941176471
M1_R3aK8_depth4_dct8,C4_ALL,320,17.39208011849677,11.016787424669019,0.0979697423915909,25.99458277225496,34.047844298183925,-3.2439141127542825,0.996875,320,17.39208011849677,11.016787424669019,0.0979697423915909,25.99458277225496,34.047844298183925,-3.2439141127542825,0.996875
M1_R3aK8_depth4_dct8,C4_CO,80,24.129248050605,19.068764188559722,0.10724110244713334,36.9432930648327,49.13605093955993,-3.5512593097519116,1.0,80,24.129248050605,19.068764188559722,0.10724110244713334,36.9432930648327,49.13605093955993,-3.5512593097519116,1.0
M1_R3aK8_depth4_dct8,C4_CO_high,24,29.42264403747913,25.765123652915154,0.13076730683324056,41.178072988986955,54.92095403373238,-16.184216924011704,1.0,24,29.42264403747913,25.765123652915154,0.13076730683324056,41.178072988986955,54.92095403373238,-16.184216924011704,1.0
M1_R3aK8_depth4_dct8,C4_nonCO,240,14.465098132000549,8.332795170038784,0.09467774754929162,18.42668443918228,21.264539696276138,-3.1414657137550726,0.9958333333333333,240,14.465098132000549,8.332795170038784,0.09467774754929162,18.42668443918228,21.264539696276138,-3.1414657137550726,0.9958333333333333
M1_R3aK8_depth4_dct8,C5_ALL,320,33.962131889878464,17.907015713974488,0.22153644805215358,41.4652681350708,62.33784608542919,1.1883198481177721,0.953125,320,33.962131889878464,17.907015713974488,0.22153644805215358,41.4652681350708,62.33784608542919,1.1883198481177721,0.953125
M1_R3aK8_depth4_dct8,C5_CO,80,51.79426189020677,34.11871613148833,0.23019671951203008,72.14150235056887,106.01814053952693,-1.6930512120597996,0.9125,80,51.79426189020677,34.11871613148833,0.23019671951203008,72.14150235056887,106.01814053952693,-1.6930512120597996,0.9125
M1_R3aK8_depth4_dct8,C5_CO_high,24,63.57410040651475,41.16855540196411,0.28255155736228776,79.21322420239447,107.53140091896051,-31.389318315389875,0.9166666666666666,24,63.57410040651475,41.16855540196411,0.28255155736228776,79.21322420239447,107.53140091896051,-31.389318315389875,0.9166666666666666
M1_R3aK8_depth4_dct8,C5_nonCO,240,25.370981095670906,12.503115574803209,0.21857345187080549,29.62163459509611,41.594940312206724,2.1487768681769626,0.9666666666666667,240,25.370981095670906,12.503115574803209,0.21857345187080549,29.62163459509611,41.594940312206724,2.1487768681769626,0.9666666666666667
M2_R3b_depth4_msconv16,ALL,1320,27.858993948954417,16.28673710314484,0.16219924931031335,35.69410189986231,53.30043424665926,-2.451102563335732,0.9818181818181818,1320,35.82956317552674,19.419838681964336,0.19685438020860171,40.80802842974664,67.95002525672311,-8.898587246521581,0.9818181818181818
M2_R3b_depth4_msconv16,CO,330,42.10305627853708,28.117696672148835,0.18712469457127595,69.92413222789767,78.74292373657228,-7.281345227599199,0.9727272727272728,330,60.16683640334916,36.447145163935296,0.2674081617926629,100.0,150.0,-24.70023441781064,0.9727272727272728
M2_R3b_depth4_msconv16,CO_high,99,60.01930891090948,39.78664972635946,0.2667524840484866,110.50144881010058,146.25707626342773,-34.48971092771513,0.9797979797979798,99,88.81553261631959,57.28507722337552,0.3947357005169759,178.33020351827147,202.49999999999986,-51.98813842473119,0.9797979797979798
M2_R3b_depth4_msconv16,nonCO,990,21.069937726516535,12.34308391347684,0.15299099601929023,26.446491107344627,33.91830738633868,-0.8410216752479096,0.9848484848484849,990,22.472072939605617,13.744069854640685,0.16683271365444677,31.409281459636983,40.45993079431353,-3.6313715227585606,0.9848484848484849
M2_R3b_depth4_msconv16,C3_ALL,680,22.13483079070248,14.199183573492679,0.142820655326773,30.525437295436866,43.551137670874596,-2.955954967739457,0.9882352941176471,680,22.13483079070248,14.199183573492679,0.142820655326773,30.525437295436866,43.551137670874596,-2.955954967739457,0.9882352941176471
M2_R3b_depth4_msconv16,C3_CO,170,28.260431849306954,18.857457352911723,0.12560191933025314,40.82444988191128,53.02393339574337,-6.360581177560722,0.9882352941176471,170,28.260431849306954,18.857457352911723,0.12560191933025314,40.82444988191128,53.02393339574337,-6.360581177560722,0.9882352941176471
M2_R3b_depth4_msconv16,C3_CO_high,51,36.73147208859353,23.56707791925645,0.16325098706041566,53.27714532613754,63.22097405791283,-15.567955308977295,1.0,51,36.73147208859353,23.56707791925645,0.16325098706041566,53.27714532613754,63.22097405791283,-15.567955308977295,1.0
M2_R3b_depth4_msconv16,C3_nonCO,510,19.67359421680746,12.646425647019663,0.1481160763415326,24.061880595982075,33.390081152319894,-1.8210795644657025,0.9882352941176471,510,19.67359421680746,12.646425647019663,0.1481160763415326,24.061880595982075,33.390081152319894,-1.8210795644657025,0.9882352941176471
M2_R3b_depth4_msconv16,C4_ALL,320,17.737780606699317,12.014508409847622,0.1052265482390091,26.89872011542321,35.239280834794044,-0.6051774889783695,0.996875,320,17.737780606699317,12.014508409847622,0.1052265482390091,26.89872011542321,35.239280834794044,-0.6051774889783695,0.996875
M2_R3b_depth4_msconv16,C4_CO,80,24.728341552474593,19.803501134738326,0.10990374023322041,37.68369823694232,47.60273333638906,0.7795773446559908,1.0,80,24.728341552474593,19.803501134738326,0.10990374023322041,37.68369823694232,47.60273333638906,0.7795773446559908,1.0
M2_R3b_depth4_msconv16,C4_CO_high,24,30.050383897584865,24.799500529964764,0.13355726176704386,45.59358581900598,52.14606270194053,-19.947763532400128,1.0,24,30.050383897584865,24.799500529964764,0.13355726176704386,45.59358581900598,52.14606270194053,-19.947763532400128,1.0
M2_R3b_depth4_msconv16,C4_nonCO,240,14.685872661277255,9.418177501550721,0.103620579841289,20.00155940651895,26.508569754660112,-1.0667624335231565,0.9958333333333333,240,14.685872661277255,9.418177501550721,0.103620579841289,20.00155940651895,26.508569754660112,-1.0667624335231565,0.9958333333333333
M2_R3b_depth4_msconv16,C5_ALL,320,42.96202331697626,24.995017046952892,0.23260511040858492,71.25707626342772,96.25707626342772,-3.2242162783351773,0.953125,320,62.76723602470313,37.91906105958333,0.3247040511395486,100.0,151.45641297102003,-29.820090596476803,0.953125
M2_R3b_depth4_msconv16,C5_CO,80,70.73631611047254,56.109900762938196,0.3143836271576558,121.25707626342772,146.25707626342773,-17.29889140618615,0.9125,80,112.35689762050569,90.46887579155737,0.49936398942446975,200.0,225.0,-89.15180931580835,0.9125
M2_R3b_depth4_msconv16,C5_CO_high,24,105.306607877349,89.24038901284803,0.4680293683437733,146.25707626342773,146.25707626342773,-89.24038901284803,0.9166666666666666,24,169.61350890691256,161.42140243803928,0.7538378173640559,225.0,225.0,-161.42140243803928,0.9166666666666666
M2_R3b_depth4_msconv16,C5_nonCO,240,28.16212215650037,14.623389141624463,0.19797599562232795,32.0271678234501,41.760608144104474,1.4673420976151477,0.9666666666666667,240,32.32558960441076,20.402456148925314,0.2396987619018341,42.198201604187474,62.59441483765837,-10.042851023366287,0.9666666666666667
M3_S2_tcnadapter_k3g005,ALL,1320,26.900790645771387,15.942303300816434,0.16088355045662572,39.46332350373268,51.98074139654636,-4.533128920810292,0.9818181818181818,1320,29.290287923444406,17.66308516207077,0.16892522811693145,45.32318770885468,56.7044224590063,-0.19895036230798613,0.9818181818181818
M3_S2_tcnadapter_k3g005,CO,330,38.71870967311702,27.321221261024192,0.17208315410274233,51.99068501591683,72.94668946415187,-14.724491005304806,0.9727272727272728,330,38.71870967311702,27.321221261024192,0.17208315410274233,51.99068501591683,72.94668946415187,-14.724491005304806,0.9727272727272728
M3_S2_tcnadapter_k3g005,CO_high,99,52.643755585550736,38.466613195399106,0.23397224704689215,73.92977371811867,90.67014053463926,-33.66450162150549,0.9797979797979798,99,52.643755585550736,38.466613195399106,0.23397224704689215,73.92977371811867,90.67014053463926,-33.66450162150549,0.9797979797979798
M3_S2_tcnadapter_k3g005,nonCO,990,21.567503879056567,12.149330647413848,0.15697288014619,31.933779958635593,47.39979561343267,-1.1360082259787871,0.9848484848484849,990,25.380736709835457,14.44370646241963,0.16785938445762785,37.3166247457266,53.484098352491856,4.642896518690954,0.9848484848484849
M3_S2_tcnadapter_k3g005,C3_ALL,680,25.232821753603957,15.87858987424942,0.14681755239673047,41.2403060189225,51.660520061850534,-4.585873940310801,0.9882352941176471,680,29.95553386758746,19.21893113433137,0.1634130128422976,47.486800625920324,61.33503355085848,3.827531496781911,0.9882352941176471
M3_S2_tcnadapter_k3g005,C3_CO,170,35.11650764751711,26.185500037801617,0.1560733673222983,50.12350127100944,57.99834899604317,-18.900853564195774,0.9882352941176471,170,35.11650764751711,26.185500037801617,0.1560733673222983,50.12350127100944,57.99834899604317,-18.900853564195774,0.9882352941176471
M3_S2_tcnadapter_k3g005,C3_CO_high,51,49.019715310442315,37.739999767612005,0.2178654013797436,62.33479231595993,75.65365172922611,-37.14012284489239,1.0,51,49.019715310442315,37.739999767612005,0.2178654013797436,62.33479231595993,75.65365172922611,-37.14012284489239,1.0
M3_S2_tcnadapter_k3g005,C3_nonCO,510,20.925359935084103,12.442953153065357,0.143599766457268,33.884030879061854,49.74036258477856,0.18578593431752327,0.9882352941176471,510,28.02479216581031,16.896741499841287,0.16578736891720333,47.44172781705857,61.968350037932375,11.403659850441139,0.9882352941176471
M3_S2_tcnadapter_k3g005,C4_ALL,320,20.25847412690882,13.059335210291465,0.11143312243249805,32.971728295087814,40.0893458724022,-5.097263054467475,0.996875,320,20.25847412690882,13.059335210291465,0.11143312243249805,32.971728295087814,40.0893458724022,-5.097263054467475,0.996875
M3_S2_tcnadapter_k3g005,C4_CO,80,24.124168176796434,19.578760699369013,0.10721852523020639,38.94960671663285,42.44092822074889,-4.519231799058615,1.0,80,24.124168176796434,19.578760699369013,0.10721852523020639,38.94960671663285,42.44092822074889,-4.519231799058615,1.0
M3_S2_tcnadapter_k3g005,C4_CO_high,24,29.03072348986662,26.485771623750527,0.12902543773274056,39.9764983355999,46.84695236384867,-14.702322147786617,1.0,24,29.03072348986662,26.485771623750527,0.12902543773274056,39.9764983355999,46.84695236384867,-14.702322147786617,1.0
M3_S2_tcnadapter_k3g005,C4_nonCO,240,18.79403811123959,10.886193380598948,0.11280300076931167,27.311676666140556,36.21343731880188,-5.289940139603761,0.9958333333333333,240,18.79403811123959,10.886193380598948,0.11280300076931167,27.311676666140556,36.21343731880188,-5.289940139603761,0.9958333333333333
M3_S2_tcnadapter_k3g005,C5_ALL,320,34.95258851195948,18.960662422796304,0.22033373427825217,47.166195102036006,71.65718302130699,-3.856911620714526,0.953125,320,34.95258851195948,18.960662422796304,0.22033373427825217,47.166195102036006,71.65718302130699,-3.856911620714526,0.953125
M3_S2_tcnadapter_k3g005,C5_CO,80,54.60298872076522,37.47708942202735,0.24267994987006766,83.27079892158513,106.03923439979549,-16.05497977390769,0.9125,80,54.60298872076522,37.47708942202735,0.24267994987006766,83.27079892158513,106.03923439979549,-16.05497977390769,0.9125
M3_S2_tcnadapter_k3g005,C5_CO_high,24,74.04637862958187,51.99150830109526,0.3290950161314749,100.43630763888358,117.55672574043271,-45.240985995527204,0.9166666666666666,24,74.04637862958187,51.99150830109526,0.3290950161314749,100.43630763888358,117.55672574043271,-45.240985995527204,0.9166666666666666
M3_S2_tcnadapter_k3g005,C5_nonCO,240,25.200842562008614,12.78852008971929,0.2123631008242402,31.44380610436201,39.554850105196216,0.20911109701652725,0.9666666666666667,240,25.200842562008614,12.78852008971929,0.2123631008242402,31.44380610436201,39.554850105196216,0.20911109701652725,0.9666666666666667
M4_T9fix_shared_trunk,ALL,1320,30.34608808729831,18.73775191554573,0.18559233663687644,37.50466077680728,51.71592718049249,-1.931154936042469,0.9818181818181818,1320,33.23429882875549,21.569003205381293,0.21209736649784594,47.269375100731914,62.370133325457566,-0.6733116801302512,0.9818181818181818
M4_T9fix_shared_trunk,CO,330,42.240428806227754,27.02614039263327,0.18773523913879,62.36437353822132,86.57583122293353,1.22330916101191,0.9727272727272728,330,43.837278956026566,29.94074845270282,0.1948323509156736,65.42391344904914,92.49064649455252,-0.7683581639448117,0.9727272727272728
M4_T9fix_shared_trunk,CO_high,99,48.170216237372614,28.276693678812737,0.2140898499438783,51.19820554802159,73.24544443066956,-20.852974789558612,0.9797979797979798,99,46.69693593041447,29.670036646227043,0.20754193746850874,51.79058581590653,65.63847586512561,-17.06782283844671,0.9797979797979798
M4_T9fix_shared_trunk,nonCO,990,25.161388561804227,15.974955756516549,0.18487251612831657,32.027643926435026,40.780715402641235,-2.9826429683939293,0.9848484848484849,990,28.846533288465157,18.778421456274117,0.21754809930829716,41.52945585548878,53.49824659526346,-0.6416295188587308,0.9848484848484849
M4_T9fix_shared_trunk,C3_ALL,680,26.112860498835957,16.77222626253783,0.16356575936979997,34.67631214831009,44.61617694020489,-4.444801731059074,0.9882352941176471,680,29.38241046943769,19.486554337747613,0.1922274842281796,41.947511658072465,59.10014629364011,-2.40037044386982,0.9882352941176471
M4_T9fix_shared_trunk,C3_CO,170,36.86520973669069,22.933792481825748,0.16384537660751416,49.37046389493647,70.59693294422219,-3.210751053134985,0.9882352941176471,170,40.47723772181476,28.621059393181522,0.17989883431917672,60.36751667037604,88.00353704020375,-7.10642712574233,0.9882352941176471
M4_T9fix_shared_trunk,C3_CO_high,51,47.73118349632078,28.383649075615423,0.21213859331698126,51.71093144761221,71.32786768348168,-25.838456591436046,1.0,51,44.878380805251716,31.14917915241391,0.1994594702455632,54.672832787036896,62.43446320295334,-18.551614179330713,1.0
M4_T9fix_shared_trunk,C3_nonCO,510,21.357920036030944,14.718370856108523,0.16347244733921681,28.707846999168396,37.489364056565016,-4.85615195703377,0.9882352941176471,510,24.596052572108547,16.441719319269644,0.19616492396397947,34.785727262496955,50.0,-0.8316848832456503,0.9882352941176471
M4_T9fix_shared_trunk,C4_ALL,320,22.045299398960772,15.857679392985869,0.1449947795217784,32.138577000670594,41.72690681886584,-4.814320040703055,0.996875,320,24.420083187980367,16.945950149020064,0.1724590447717267,36.845818087458625,51.64409223943951,0.09844291031186048,0.996875
M4_T9fix_shared_trunk,C4_CO,80,22.1938141047711,17.533256269525737,0.09863917379898265,34.73525121808054,45.02410229295491,-3.0208757682703435,1.0,80,22.1938141047711,17.533256269525737,0.09863917379898265,34.73525121808054,45.02410229295491,-3.0208757682703435,1.0
M4_T9fix_shared_trunk,C4_CO_high,24,26.47704474311544,20.27248616019885,0.11767575441384638,36.30023628473281,54.02388595044609,-9.789927303791044,1.0,24,26.47704474311544,20.27248616019885,0.11767575441384638,36.30023628473281,54.02388595044609,-9.789927303791044,1.0
M4_T9fix_shared_trunk,C4_nonCO,240,21.99557165917831,15.29915376747258,0.15744232567994607,31.41545700165236,41.690872292917774,-5.412134798180625,0.9958333333333333,240,25.118362918486472,16.75018144218484,0.19082173346394954,37.442675307393074,53.69728658348322,1.138215803172595,0.9958333333333333
M4_T9fix_shared_trunk,C5_ALL,320,43.170099648963266,25.794566450747368,0.2533937746489631,52.64037639379504,87.27625811209279,6.293509608028401,0.953125,320,46.10022769319813,30.617260105464084,0.27802962772004747,58.1230535358191,85.32713949680333,2.2249336023742217,0.953125
M4_T9fix_shared_trunk,C5_CO,80,63.083387731311106,45.215263826206794,0.2803706121391605,96.30688965320587,121.13171085715285,14.889872045356316,0.9125,80,62.87178783019644,45.15257988736266,0.2794301681342064,95.89866384863853,120.9832453913986,14.952555984200444,0.9125
M4_T9fix_shared_trunk,C5_CO_high,24,63.47579268486998,36.053620979220916,0.28211463415497773,50.05888983607292,156.41050361096833,-21.321873446336635,0.9166666666666666,24,63.35661070972888,35.92440930660814,0.28158493648768396,50.05888983607292,148.54303123895053,-21.19266177372386,0.9166666666666666
M4_T9fix_shared_trunk,C5_nonCO,240,34.03486549185869,19.321000658927563,0.24373889032604162,35.13444977204006,42.818754131793945,3.4280554622524293,0.9666666666666667,240,38.93611121009052,25.77215351149789,0.2775612104846315,50.76199170202017,57.842356562614405,-2.0176071915678526,0.9666666666666667
M5_T10afix_ratio_dct,ALL,1320,26.55736063852082,15.416550422000764,0.16260382123223902,32.68648833036428,45.92716276645659,1.438922290610281,0.9818181818181818,1320,26.677406794807627,15.560240257658403,0.16299152533310204,34.04713481664661,46.66262058541179,2.0276709979004934,0.9818181818181818
M5_T10afix_ratio_dct,CO,330,36.39126157941191,24.398271285321073,0.16173894035294184,51.73167601227762,67.41494923830035,-1.5354599359887409,0.9727272727272728,330,36.0224644802795,24.287140714286856,0.16009984213457557,51.73167601227762,67.41494923830035,-1.4243293649545212,0.9727272727272728
M5_T10afix_ratio_dct,CO_high,99,44.44726337713589,29.154540617558286,0.19754339278727062,54.197325408458696,78.72248187661162,-22.602945178947863,0.9797979797979798,99,44.04193493801455,29.046161751253436,0.19574193305784243,54.197325408458696,78.72248187661162,-22.494566312643013,0.9797979797979798
M5_T10afix_ratio_dct,nonCO,990,22.337186461120822,12.422643467560661,0.16289109438600513,27.522511497388287,34.737522136420004,2.430383032809955,0.9848484848484849,990,22.723836134109597,12.651273438782253,0.16394408586479411,28.917605504393578,36.71728804707525,3.1783377855188317,0.9848484848484849
M5_T10afix_ratio_dct,C3_ALL,680,21.945953539884723,13.79226875025779,0.1402943646338787,31.500240415334716,42.423280477523775,1.5881538229501426,0.9882352941176471,680,21.945953539884723,13.79226875025779,0.1402943646338787,31.500240415334716,42.423280477523775,1.5881538229501426,0.9882352941176471
M5_T10afix_ratio_dct,C3_CO,170,29.30037266870256,20.249194424489843,0.13022387852756698,43.17496329545973,54.572914652526336,-4.149146324900142,0.9882352941176471,170,29.30037266870256,20.249194424489843,0.13022387852756698,43.17496329545973,54.572914652526336,-4.149146324900142,0.9882352941176471
M5_T10afix_ratio_dct,C3_CO_high,51,36.75739993284551,24.843509539085275,0.1633662219237578,50.29451698064801,54.9673594534397,-21.08547455247711,1.0,51,36.75739993284551,24.843509539085275,0.1633662219237578,50.29451698064801,54.9673594534397,-21.08547455247711,1.0
M5_T10afix_ratio_dct,C3_nonCO,510,18.867853336422627,11.639960192180439,0.14349422340676565,25.596678927540808,34.89348594099276,3.5005872055669043,0.9882352941176471,510,18.867853336422627,11.639960192180439,0.14349422340676565,25.596678927540808,34.89348594099276,3.5005872055669043,0.9882352941176471
M5_T10afix_ratio_dct,C4_ALL,320,20.737717801314446,13.921476985779009,0.1122366736523383,29.85931724309922,39.19353649020196,3.2062696647335542,0.996875,320,20.737717801314446,13.921476985779009,0.1122366736523383,29.85931724309922,39.19353649020196,3.2062696647335542,0.996875
M5_T10afix_ratio_dct,C4_CO,80,30.508972807790975,24.288897740188986,0.13559543470129323,50.8788099884987,60.79025313258169,14.75929785752669,1.0,80,30.508972807790975,24.288897740188986,0.13559543470129323,50.8788099884987,60.79025313258169,14.75929785752669,1.0
M5_T10afix_ratio_dct,C4_CO_high,24,23.153445370612893,19.11258045583963,0.10290420164716843,37.119229435920694,47.24939689040181,-7.421301491558548,1.0,24,23.153445370612893,19.11258045583963,0.10290420164716843,37.119229435920694,47.24939689040181,-7.421301491558548,1.0
M5_T10afix_ratio_dct,C4_nonCO,240,16.221532363305336,10.46567006764235,0.10328304433018567,22.828992307186127,29.34772262349724,-0.6447397328641575,0.9958333333333333,240,16.221532363305336,10.46567006764235,0.10328304433018567,22.828992307186127,29.34772262349724,-0.6447397328641575,0.9958333333333333
M5_T10afix_ratio_dct,C5_ALL,320,38.1553336913074,20.36322241067634,0.2337575860803829,39.026062373320265,62.912317365408036,-0.6455420897351974,0.953125,320,38.499231610399576,20.9559429827641,0.23486874416544765,41.981543600559256,62.912317365408036,1.783046327836928,0.953125
M5_T10afix_ratio_dct,C5_CO,80,52.035575221482226,33.32443315971953,0.23126922320658766,92.61020973324783,105.008879985536,-12.276134153067446,0.9125,80,50.966056877928835,32.866019554203376,0.2265158083463504,91.13388944417238,104.472404597327,-11.81772054755129,0.9125
M5_T10afix_ratio_dct,C5_CO_high,24,68.86217068301254,48.3574418210321,0.30605409192450017,99.62167248129842,160.657436728229,-41.00921394758755,0.9166666666666666,24,67.77939508485315,47.91037899752458,0.30124175593268065,99.62167248129842,151.53735512867559,-40.562151124080025,0.9166666666666666
M5_T10afix_ratio_dct,C5_nonCO,240,32.22637050486002,16.042818827661947,0.23458117471920895,31.394812874495983,40.692462811867365,3.2313219313755512,0.9666666666666667,240,33.322786921667095,16.985917458951008,0.2375878058828058,35.74953414499762,46.8055428564548,6.316635286299667,0.9666666666666667
