step,val_loss,coral_loss,mmd_global,mmd_class,adv_loss,proto_anchor,proto_loss,consist_loss,residual_loss,mmd_proto_loss,stage_mmd_loss,align_reg_legacy_loss,target_ce_loss,target_ce_acc,weighted_coral_loss,weighted_mmd_global,weighted_mmd_class,weighted_adv_loss,weighted_proto_anchor,weighted_proto_loss,weighted_consist_loss,weighted_residual_loss,weighted_mmd_proto_loss,weighted_stage_mmd_loss,weighted_align_reg_legacy_loss,weighted_target_ce_loss,total_loss
1.0,0.001765556400641799,5.582981430052314e-06,0.16743767261505127,0.4558326005935669,0.005735673941671848,1469.5059814453125,154.0386505126953,589.6442260742188,0.0,1.9324742555618286,0.6873192191123962,0.0,0.0,0.0,2.791490715026157e-06,0.08371883630752563,0.22791630029678345,0.002867836970835924,440.851806640625,7.701932430267334,1179.2884521484375,0.0,0.38649484515190125,0.13746385276317596,0.0,0.0,1628.682373046875
2.0,0.0011128924088552594,9.46947966440348e-06,0.08174765110015869,0.43385547399520874,0.011934012174606323,1473.205810546875,154.39662170410156,908.7032470703125,0.0,1.9324742555618286,0.5602596402168274,0.0,0.0,0.0,4.73473983220174e-06,0.040873825550079346,0.21692773699760437,0.005967006087303162,441.9617614746094,7.7198309898376465,1817.406494140625,0.0,0.38649484515190125,0.11205192655324936,0.0,0.0,2267.8515625
3.0,0.04481371492147446,7.785207344568335e-06,0.0812423825263977,0.3061974346637726,0.008927997201681137,1463.4276123046875,154.69198608398438,888.8593139648438,0.0,1.9324742555618286,0.129527285695076,0.0,0.0,0.0,3.892603672284167e-06,0.04062119126319885,0.1530987173318863,0.0044639986008405685,439.0282897949219,7.734599590301514,1777.7186279296875,0.0,0.38649484515190125,0.025905458256602287,0.0,0.0,2225.136962890625
4.0,0.06620581448078156,7.654412002011668e-06,0.13534128665924072,0.3633405864238739,0.01767965406179428,1464.1168212890625,155.01055908203125,650.9375,0.0,1.9324742555618286,0.5039657950401306,0.0,0.0,0.0,3.827206001005834e-06,0.06767064332962036,0.18167029321193695,0.00883982703089714,439.2350769042969,7.750527858734131,1301.875,0.0,0.38649484515190125,0.10079316049814224,0.0,0.0,1749.67236328125
5.0,0.0014998920960351825,6.766537353541935e-06,0.12984848022460938,0.29964205622673035,0.0187824834138155,1458.651611328125,155.33290100097656,630.25146484375,0.0,1.9324742555618286,0.49152612686157227,0.0,0.0,0.0,3.3832686767709674e-06,0.06492424011230469,0.14982102811336517,0.00939124170690775,437.5954895019531,7.7666449546813965,1260.5029296875,0.0,0.38649484515190125,0.09830522537231445,0.0,0.0,1706.575439453125
6.0,0.05654054880142212,5.475273155752802e-06,0.14978677034378052,0.45572319626808167,0.032373879104852676,1471.8404541015625,155.66246032714844,818.1116943359375,0.0,1.9324742555618286,0.5320110321044922,0.0,0.0,0.0,2.737636577876401e-06,0.07489338517189026,0.22786159813404083,0.016186939552426338,441.5521545410156,7.783123016357422,1636.223388671875,0.0,0.38649484515190125,0.1064022108912468,0.0,0.0,2086.427001953125
7.0,0.09340588748455048,5.805070486530894e-06,0.0902220606803894,0.2545846700668335,0.029568443074822426,1458.7603759765625,155.9950408935547,693.9915161132812,0.0,1.9324742555618286,0.3675055503845215,0.0,0.0,0.0,2.902535243265447e-06,0.0451110303401947,0.12729233503341675,0.014784221537411213,437.6281433105469,7.799752235412598,1387.9830322265625,0.0,0.38649484515190125,0.0735011100769043,0.0,0.0,1834.1514892578125
8.0,0.07465655356645584,8.871496902429499e-06,0.061865925788879395,0.3865956664085388,0.031151872128248215,1468.782958984375,156.3311767578125,637.3648681640625,0.0,1.9324742555618286,0.43924152851104736,0.0,0.0,0.0,4.435748451214749e-06,0.030932962894439697,0.1932978332042694,0.015575936064124107,440.6349182128906,7.816558837890625,1274.729736328125,0.0,0.38649484515190125,0.08784830570220947,0.0,0.0,1723.969970703125
9.0,0.1478530615568161,1.402695124852471e-05,0.1492292881011963,0.24906226992607117,0.03658156096935272,1461.0594482421875,156.67166137695312,766.1283569335938,0.0,1.9324742555618286,0.3517734110355377,0.0,0.0,0.0,7.013475624262355e-06,0.07461464405059814,0.12453113496303558,0.01829078048467636,438.3178405761719,7.833583354949951,1532.2567138671875,0.0,0.38649484515190125,0.07035468518733978,0.0,0.0,1979.230224609375
10.0,0.07338656485080719,6.093769115977921e-06,0.08668839931488037,0.2544982433319092,0.0463891476392746,1454.278564453125,157.0084991455078,816.808349609375,0.0,1.9324742555618286,0.2649270296096802,0.0,0.0,0.0,3.0468845579889603e-06,0.043344199657440186,0.1272491216659546,0.0231945738196373,436.2835998535156,7.8504252433776855,1633.61669921875,0.0,0.38649484515190125,0.052985407412052155,0.0,0.0,2078.457275390625
11.0,0.1525380164384842,5.196717665967299e-06,0.1060788631439209,0.2454381287097931,0.04661429673433304,1456.6824951171875,157.3468475341797,762.2532958984375,0.0,1.9324742555618286,0.2507377564907074,0.0,0.0,0.0,2.5983588329836493e-06,0.05303943157196045,0.12271906435489655,0.02330714836716652,437.0047607421875,7.867342472076416,1524.506591796875,0.0,0.38649484515190125,0.05014755204319954,0.0,0.0,1970.1669921875
12.0,0.14349810779094696,1.9105709725408815e-06,0.15323418378829956,0.3240605294704437,0.05808611214160919,1451.042724609375,157.68312072753906,510.1583557128906,0.0,1.9324742555618286,0.40233057737350464,0.0,0.0,0.0,9.552854862704407e-07,0.07661709189414978,0.16203026473522186,0.029043056070804596,435.3128356933594,7.884156227111816,1020.3167114257812,0.0,0.38649484515190125,0.08046611398458481,0.0,0.0,1464.391845703125
13.0,0.06047360971570015,6.290920282481238e-06,0.07918035984039307,0.20394691824913025,0.03328529745340347,1450.8873291015625,158.0051727294922,754.64306640625,0.0,1.9324742555618286,0.24309298396110535,0.0,0.0,0.0,3.145460141240619e-06,0.03959017992019653,0.10197345912456512,0.016642648726701736,435.2662048339844,7.900258541107178,1509.2861328125,0.0,0.38649484515190125,0.04861859604716301,0.0,0.0,1953.1063232421875
14.0,0.09578963369131088,2.201944425905822e-06,0.1402553915977478,0.2608586251735687,0.05705434828996658,1449.460205078125,158.3319549560547,795.3760986328125,0.0,1.9324742555618286,0.37922611832618713,0.0,0.0,0.0,1.100972212952911e-06,0.0701276957988739,0.13042931258678436,0.02852717414498329,434.83807373046875,7.916597843170166,1590.752197265625,0.0,0.38649484515190125,0.07584522664546967,0.0,0.0,2034.2940673828125
15.0,0.06919848173856735,7.522635314671788e-06,0.0803300142288208,0.23801909387111664,0.06990471482276917,1455.922119140625,158.66607666015625,723.06982421875,0.0,1.9324742555618286,0.5142920017242432,0.0,0.0,0.0,3.761317657335894e-06,0.0401650071144104,0.11900954693555832,0.03495235741138458,436.7766418457031,7.9333038330078125,1446.1396484375,0.0,0.38649484515190125,0.10285840183496475,0.0,0.0,1891.602294921875
16.0,0.02445102110505104,9.455369763600174e-06,0.056784093379974365,0.5464951992034912,0.10151106864213943,1459.580078125,159.01072692871094,603.0515747070312,0.0,1.9324742555618286,0.26406437158584595,0.0,0.0,0.0,4.727684881800087e-06,0.028392046689987183,0.2732475996017456,0.05075553432106972,437.8740539550781,7.950536251068115,1206.1031494140625,0.0,0.38649484515190125,0.05281287431716919,0.0,0.0,1652.743896484375
17.0,0.022623712196946144,6.503645181510365e-06,0.09534716606140137,0.3805864453315735,0.15110710263252258,1459.0836181640625,159.34690856933594,572.5050048828125,0.0,1.9324742555618286,0.4699842929840088,0.0,0.0,0.0,3.2518225907551823e-06,0.047673583030700684,0.19029322266578674,0.07555355131626129,437.72509765625,7.967345714569092,1145.010009765625,0.0,0.38649484515190125,0.09399686008691788,0.0,0.0,1591.51904296875
18.0,0.023310568183660507,3.3384337712050183e-06,0.061560630798339844,0.25112807750701904,0.08812888711690903,1449.505126953125,159.67677307128906,631.8245849609375,0.0,1.9324742555618286,0.3755333125591278,0.0,0.0,0.0,1.6692168856025091e-06,0.030780315399169922,0.12556403875350952,0.044064443558454514,434.8515625,7.9838385581970215,1263.649169921875,0.0,0.38649484515190125,0.0751066654920578,0.0,0.0,1707.1697998046875
19.0,0.04049300402402878,1.1711079423548654e-05,0.05597484111785889,0.2557559609413147,0.10368556529283524,1459.382568359375,159.98529052734375,777.6423950195312,0.0,1.9324742555618286,0.2931499779224396,0.0,0.0,0.0,5.855539711774327e-06,0.027987420558929443,0.12787798047065735,0.05184278264641762,437.8147888183594,7.999264717102051,1555.2847900390625,0.0,0.38649484515190125,0.058629997074604034,0.0,0.0,2001.7921142578125
20.0,0.027422720566391945,2.9297132186911767e-06,0.07611095905303955,0.22791032493114471,0.09547782689332962,1447.9248046875,160.30442810058594,734.3582763671875,0.0,1.9324742555618286,0.3354532718658447,0.0,0.0,0.0,1.4648566093455884e-06,0.038055479526519775,0.11395516246557236,0.04773891344666481,434.3774719238281,8.01522159576416,1468.716552734375,0.0,0.38649484515190125,0.06709065288305283,0.0,0.0,1911.7900390625
21.0,0.026461055502295494,4.324710062064696e-06,0.11983984708786011,0.2644839286804199,0.13243354856967926,1450.6788330078125,160.6361083984375,675.54833984375,0.0,1.9324742555618286,0.28686171770095825,0.0,0.0,0.0,2.162355031032348e-06,0.059919923543930054,0.13224196434020996,0.06621677428483963,435.20367431640625,8.031805992126465,1351.0966796875,0.0,0.38649484515190125,0.05737234279513359,0.0,0.0,1795.060791015625
22.0,0.050151266157627106,3.6460141927818768e-06,0.0743219256401062,0.1853034496307373,0.08755987137556076,1448.8070068359375,160.97279357910156,891.0164184570312,0.0,1.9324742555618286,0.17236129939556122,0.0,0.0,0.0,1.8230070963909384e-06,0.0371609628200531,0.09265172481536865,0.04377993568778038,434.6421203613281,8.048640251159668,1782.0328369140625,0.0,0.38649484515190125,0.0344722606241703,0.0,0.0,2225.3681640625
23.0,0.03310653939843178,3.5678365293279057e-06,0.12029707431793213,0.2237694412469864,0.13354356586933136,1444.963134765625,161.2859344482422,876.1400146484375,0.0,1.9324742555618286,0.4214761555194855,0.0,0.0,0.0,1.7839182646639529e-06,0.060148537158966064,0.1118847206234932,0.06677178293466568,433.48895263671875,8.06429672241211,1752.280029296875,0.0,0.38649484515190125,0.08429523557424545,0.0,0.0,2194.575927734375
24.0,0.044388942420482635,1.3984295037516858e-06,0.06712543964385986,0.13823449611663818,0.05038575828075409,1443.45654296875,161.614501953125,747.4715576171875,0.0,1.9324742555618286,0.2548942565917969,0.0,0.0,0.0,6.992147518758429e-07,0.03356271982192993,0.06911724805831909,0.025192879140377045,433.0369873046875,8.08072566986084,1494.943115234375,0.0,0.38649484515190125,0.050978850573301315,0.0,0.0,1936.670654296875
25.0,0.06664259731769562,4.769005954585737e-06,0.03734743595123291,0.20612889528274536,0.17021605372428894,1449.78955078125,161.93133544921875,678.5821533203125,0.0,1.9324742555618286,0.2519632577896118,0.0,0.0,0.0,2.3845029772928683e-06,0.018673717975616455,0.10306444764137268,0.08510802686214447,434.9368896484375,8.096567153930664,1357.164306640625,0.0,0.38649484515190125,0.05039265379309654,0.0,0.0,1800.9080810546875
26.0,0.0014288807287812233,4.343296041042777e-06,0.03114640712738037,0.3120000958442688,0.18617209792137146,1449.280029296875,162.24790954589844,902.6047973632812,0.0,1.9324742555618286,0.1024039164185524,0.0,0.0,0.0,2.1716480205213884e-06,0.015573203563690186,0.1560000479221344,0.09308604896068573,434.7840270996094,8.112395286560059,1805.2095947265625,0.0,0.38649484515190125,0.02048078365623951,0.0,0.0,2248.779052734375
27.0,0.03343382850289345,7.008361990301637e-06,0.11530601978302002,0.2301086187362671,0.15713444352149963,1449.7396240234375,162.57374572753906,804.5515747070312,0.0,1.9324742555618286,0.3022763729095459,0.0,0.0,0.0,3.5041809951508185e-06,0.05765300989151001,0.11505430936813354,0.07856722176074982,434.9219055175781,8.128687858581543,1609.1031494140625,0.0,0.38649484515190125,0.06045527383685112,0.0,0.0,2052.885498046875
28.0,0.018528025597333908,4.5474243961507455e-06,0.057972848415374756,0.21985140442848206,0.1641942262649536,1445.3955078125,162.8998565673828,708.564453125,0.0,1.9324742555618286,0.2753479778766632,0.0,0.0,0.0,2.2737121980753727e-06,0.028986424207687378,0.10992570221424103,0.0820971131324768,433.6186828613281,8.14499282836914,1417.12890625,0.0,0.38649484515190125,0.05506959557533264,0.0,0.0,1859.5736083984375
29.0,0.0015777091030031443,4.4845364755019546e-06,0.06813997030258179,0.21897926926612854,0.20031698048114777,1448.56884765625,163.23533630371094,602.0177001953125,0.0,1.9324742555618286,0.2550691068172455,0.0,0.0,0.0,2.2422682377509773e-06,0.034069985151290894,0.10948963463306427,0.10015849024057388,434.5706787109375,8.16176700592041,1204.035400390625,0.0,0.38649484515190125,0.051013823598623276,0.0,0.0,1647.45068359375
30.0,0.009060777723789215,5.902049451833591e-06,0.08841431140899658,0.26113009452819824,0.1835005134344101,1448.1650390625,163.56430053710938,602.7393798828125,0.0,1.9324742555618286,0.4277057945728302,0.0,0.0,0.0,2.9510247259167954e-06,0.04420715570449829,0.13056504726409912,0.09175025671720505,434.44952392578125,8.178215026855469,1205.478759765625,0.0,0.38649484515190125,0.08554115891456604,0.0,0.0,1648.8541259765625
31.0,0.0022413977421820164,6.189587566041155e-06,0.046034932136535645,0.20856153964996338,0.17590226233005524,1447.8431396484375,163.91104125976562,628.1675415039062,0.0,1.9324742555618286,0.5412914156913757,0.0,0.0,0.0,3.0947937830205774e-06,0.023017466068267822,0.10428076982498169,0.08795113116502762,434.35296630859375,8.195551872253418,1256.3350830078125,0.0,0.38649484515190125,0.10825828462839127,0.0,0.0,1699.5958251953125
32.0,0.0013794534606859088,2.311285243195016e-06,0.054842233657836914,0.14161381125450134,0.14281770586967468,1441.74853515625,164.27671813964844,711.5526733398438,0.0,1.9324742555618286,0.14806950092315674,0.0,0.0,0.0,1.155642621597508e-06,0.027421116828918457,0.07080690562725067,0.07140885293483734,432.5245666503906,8.213835716247559,1423.1053466796875,0.0,0.38649484515190125,0.029613900929689407,0.0,0.0,1864.430908203125
33.0,0.0039044965524226427,5.004828381061088e-06,0.030988872051239014,0.2546624541282654,0.20396581292152405,1447.347412109375,164.6479034423828,681.3406982421875,0.0,1.9324742555618286,0.11726164817810059,0.0,0.0,0.0,2.502414190530544e-06,0.015494436025619507,0.1273312270641327,0.10198290646076202,434.2042541503906,8.23239517211914,1362.681396484375,0.0,0.38649484515190125,0.023452330380678177,0.0,0.0,1805.776611328125
34.0,0.006934677716344595,5.848961791343754e-06,0.051544249057769775,0.1607491672039032,0.1771528124809265,1445.7054443359375,165.0328369140625,640.4600219726562,0.0,1.9324742555618286,0.22263970971107483,0.0,0.0,0.0,2.924480895671877e-06,0.025772124528884888,0.0803745836019516,0.08857640624046326,433.7116394042969,8.251642227172852,1280.9200439453125,0.0,0.38649484515190125,0.044527944177389145,0.0,0.0,1723.5159912109375
35.0,0.001413858262822032,3.396758529561339e-06,0.05645221471786499,0.15032115578651428,0.19859403371810913,1441.7156982421875,165.39344787597656,869.72705078125,0.0,1.9324742555618286,0.1678822636604309,0.0,0.0,0.0,1.6983792647806695e-06,0.028226107358932495,0.07516057789325714,0.09929701685905457,432.5147399902344,8.269672393798828,1739.4541015625,0.0,0.38649484515190125,0.03357645496726036,0.0,0.0,2180.86279296875
36.0,0.0012353503843769431,3.5823222788167186e-06,0.029670417308807373,0.2373649924993515,0.23281219601631165,1445.7056884765625,165.72854614257812,633.8666381835938,0.0,1.9324742555618286,0.29898354411125183,0.0,0.0,0.0,1.7911611394083593e-06,0.014835208654403687,0.11868249624967575,0.11640609800815582,433.71173095703125,8.28642749786377,1267.7332763671875,0.0,0.38649484515190125,0.059796709567308426,0.0,0.0,1710.428955078125
37.0,0.001296568545512855,7.78999128669966e-06,0.09545791149139404,0.18646793067455292,0.1633395552635193,1444.310546875,166.08074951171875,975.6939697265625,0.0,1.9324742555618286,0.3755592107772827,0.0,0.0,0.0,3.89499564334983e-06,0.04772895574569702,0.09323396533727646,0.08166977763175964,433.2931823730469,8.304038047790527,1951.387939453125,0.0,0.38649484515190125,0.07511184364557266,0.0,0.0,2393.670654296875
38.0,0.001298328279517591,4.300592081563082e-06,0.039376139640808105,0.14296826720237732,0.2313413918018341,1444.5732421875,166.4398651123047,669.8492431640625,0.0,1.9324742555618286,0.26492178440093994,0.0,0.0,0.0,2.150296040781541e-06,0.019688069820404053,0.07148413360118866,0.11567069590091705,433.3719787597656,8.321993827819824,1339.698486328125,0.0,0.38649484515190125,0.05298435688018799,0.0,0.0,1782.0400390625
39.0,0.0014075682265684009,5.2256368689995725e-06,0.05690741539001465,0.19818048179149628,0.18237537145614624,1440.093017578125,166.79750061035156,798.7700805664062,0.0,1.9324742555618286,0.20294725894927979,0.0,0.0,0.0,2.6128184344997862e-06,0.028453707695007324,0.09909024089574814,0.09118768572807312,432.0279235839844,8.339875221252441,1597.5401611328125,0.0,0.38649484515190125,0.04058945178985596,0.0,0.0,2038.5552978515625
40.0,0.0023990957997739315,8.166107363649644e-06,0.0969310998916626,0.23813503980636597,0.17542317509651184,1446.7879638671875,167.16970825195312,516.788818359375,0.0,1.9324742555618286,0.25028830766677856,0.0,0.0,0.0,4.083053681824822e-06,0.0484655499458313,0.11906751990318298,0.08771158754825592,434.0364074707031,8.358485221862793,1033.57763671875,0.0,0.38649484515190125,0.05005766078829765,0.0,0.0,1476.666748046875
41.0,0.0013660021359100938,2.9668585739273112e-06,0.08434253931045532,0.256963849067688,0.29298126697540283,1442.14892578125,167.5589141845703,723.1290283203125,0.0,1.9324742555618286,0.26144132018089294,0.0,0.0,0.0,1.4834292869636556e-06,0.04217126965522766,0.128481924533844,0.14649063348770142,432.6446838378906,8.377945899963379,1446.258056640625,0.0,0.38649484515190125,0.05228826403617859,0.0,0.0,1888.0379638671875
42.0,0.011320618912577629,4.5922715798951685e-06,0.03519564867019653,0.11640959978103638,0.15744221210479736,1441.5445556640625,167.96202087402344,630.28271484375,0.0,1.9324742555618286,0.12073954194784164,0.0,0.0,0.0,2.2961357899475843e-06,0.017597824335098267,0.05820479989051819,0.07872110605239868,432.46337890625,8.398100852966309,1260.5654296875,0.0,0.38649484515190125,0.02414790913462639,0.0,0.0,1702.00341796875
43.0,0.025454604998230934,4.84021575175575e-06,0.051690638065338135,0.14771929383277893,0.15925773978233337,1441.1015625,168.350341796875,622.9562377929688,0.0,1.9324742555618286,0.46684911847114563,0.0,0.0,0.0,2.420107875877875e-06,0.025845319032669067,0.07385964691638947,0.07962886989116669,432.3304748535156,8.41751766204834,1245.9124755859375,0.0,0.38649484515190125,0.09336982667446136,0.0,0.0,1687.3450927734375
44.0,0.016022099182009697,2.479425575074856e-06,0.0406193733215332,0.1395023763179779,0.20158854126930237,1437.4710693359375,168.7584228515625,805.4929809570312,0.0,1.9324742555618286,0.17401118576526642,0.0,0.0,0.0,1.239712787537428e-06,0.0203096866607666,0.06975118815898895,0.10079427063465118,431.2413330078125,8.437921524047852,1610.9859619140625,0.0,0.38649484515190125,0.03480223938822746,0.0,0.0,2051.29345703125
45.0,0.02086387202143669,4.385447937238496e-06,0.02707916498184204,0.10628536343574524,0.10619914531707764,1443.6043701171875,169.1439666748047,672.1298217773438,0.0,1.9324742555618286,0.19122028350830078,0.0,0.0,0.0,2.192723968619248e-06,0.01353958249092102,0.05314268171787262,0.05309957265853882,433.0813293457031,8.457198143005371,1344.2596435546875,0.0,0.38649484515190125,0.038244057446718216,0.0,0.0,1786.363525390625
46.0,0.006405348889529705,2.101058271364309e-06,0.07347452640533447,0.1435318887233734,0.19171971082687378,1436.930908203125,169.5430908203125,793.0498046875,0.0,1.9324742555618286,0.09930864721536636,0.0,0.0,0.0,1.0505291356821544e-06,0.036737263202667236,0.0717659443616867,0.09585985541343689,431.07928466796875,8.477154731750488,1586.099609375,0.0,0.38649484515190125,0.019861729815602303,0.0,0.0,2026.273193359375
47.0,0.011022008955478668,4.322076165408362e-06,0.05987018346786499,0.18678906559944153,0.23333287239074707,1437.645263671875,169.9519500732422,806.556884765625,0.0,1.9324742555618286,0.40116044878959656,0.0,0.0,0.0,2.161038082704181e-06,0.029935091733932495,0.09339453279972076,0.11666643619537354,431.2936096191406,8.497597694396973,1613.11376953125,0.0,0.38649484515190125,0.08023209124803543,0.0,0.0,2053.622802734375
48.0,0.0026056282222270966,1.1146833458042238e-05,0.06527894735336304,0.19788721203804016,0.12668171525001526,1444.5167236328125,170.35726928710938,642.6828002929688,0.0,1.9324742555618286,0.3891371190547943,0.0,0.0,0.0,5.573416729021119e-06,0.03263947367668152,0.09894360601902008,0.06334085762500763,433.35504150390625,8.517863273620605,1285.3656005859375,0.0,0.38649484515190125,0.07782742381095886,0.0,0.0,1727.900390625
49.0,0.0012868862831965089,4.97581959280069e-06,0.03242558240890503,0.15721631050109863,0.13307058811187744,1439.0458984375,170.77410888671875,815.724609375,0.0,1.9324742555618286,0.2248745560646057,0.0,0.0,0.0,2.487909796400345e-06,0.016212791204452515,0.07860815525054932,0.06653529405593872,431.7137756347656,8.538705825805664,1631.44921875,0.0,0.38649484515190125,0.0449749119579792,0.0,0.0,2072.295654296875
50.0,0.0014662761241197586,6.150652097858256e-06,0.04872536659240723,0.12146523594856262,0.2004621922969818,1439.625,171.19798278808594,681.0953369140625,0.0,1.9324742555618286,0.14120814204216003,0.0,0.0,0.0,3.075326048929128e-06,0.024362683296203613,0.06073261797428131,0.1002310961484909,431.88751220703125,8.55989933013916,1362.190673828125,0.0,0.38649484515190125,0.028241628780961037,0.0,0.0,1803.2396240234375
51.0,0.00129822944290936,3.826557076536119e-06,0.048780083656311035,0.299034982919693,0.3128448724746704,1442.470703125,171.6318359375,599.9348754882812,0.0,1.9324742555618286,0.32502520084381104,0.0,0.0,0.0,1.9132785382680595e-06,0.024390041828155518,0.1495174914598465,0.1564224362373352,432.7412414550781,8.581591606140137,1199.8697509765625,0.0,0.38649484515190125,0.06500504165887833,0.0,0.0,1641.9757080078125
52.0,0.0013825729256495833,1.9905924091290217e-06,0.0356520414352417,0.17988501489162445,0.2717479169368744,1436.20849609375,172.08058166503906,883.4207763671875,0.0,1.9324742555618286,0.1293298453092575,0.0,0.0,0.0,9.952962045645108e-07,0.01782602071762085,0.08994250744581223,0.1358739584684372,430.8625793457031,8.604029655456543,1766.841552734375,0.0,0.38649484515190125,0.02586597017943859,0.0,0.0,2206.965576171875
53.0,0.00140671175904572,2.38890788750723e-06,0.0912582278251648,0.11037254333496094,0.13255611062049866,1437.3193359375,172.53392028808594,673.062255859375,0.0,1.9324742555618286,0.1359773874282837,0.0,0.0,0.0,1.194453943753615e-06,0.0456291139125824,0.05518627166748047,0.06627805531024933,431.1958312988281,8.626696586608887,1346.12451171875,0.0,0.38649484515190125,0.027195477858185768,0.0,0.0,1786.529296875
54.0,0.0012857309775426984,6.640808351221494e-06,0.029955387115478516,0.14103832840919495,0.2110568732023239,1438.006591796875,172.995849609375,629.595703125,0.0,1.9324742555618286,0.12564265727996826,0.0,0.0,0.0,3.320404175610747e-06,0.014977693557739258,0.07051916420459747,0.10552843660116196,431.4020080566406,8.649792671203613,1259.19140625,0.0,0.38649484515190125,0.025128532201051712,0.0,0.0,1699.84716796875
55.0,0.001417937921360135,4.262536094756797e-06,0.02501070499420166,0.10471907258033752,0.08109433948993683,1436.531005859375,173.47669982910156,636.8826904296875,0.0,1.9324742555618286,0.19943144917488098,0.0,0.0,0.0,2.1312680473783985e-06,0.01250535249710083,0.05235953629016876,0.040547169744968414,430.9593200683594,8.673834800720215,1273.765380859375,0.0,0.38649484515190125,0.039886292070150375,0.0,0.0,1713.9317626953125
56.0,0.0012713068863376975,3.944094260077691e-06,0.045450568199157715,0.1339034140110016,0.13485722243785858,1433.878662109375,173.96868896484375,632.3482666015625,0.0,1.9324742555618286,0.18755237758159637,0.0,0.0,0.0,1.9720471300388454e-06,0.022725284099578857,0.0669517070055008,0.06742861121892929,430.1636047363281,8.698434829711914,1264.696533203125,0.0,0.38649484515190125,0.037510477006435394,0.0,0.0,1704.140869140625
57.0,0.0014054598286747932,3.0648254778498085e-06,0.0279923677444458,0.11367633938789368,0.15048861503601074,1436.207275390625,174.4719696044922,834.8853759765625,0.0,1.9324742555618286,0.22270631790161133,0.0,0.0,0.0,1.5324127389249043e-06,0.0139961838722229,0.05683816969394684,0.07524430751800537,430.8622131347656,8.72359848022461,1669.770751953125,0.0,0.38649484515190125,0.044541265815496445,0.0,0.0,2109.93505859375
58.0,0.0014998364495113492,5.208753464103211e-06,0.0832909345626831,0.13029909133911133,0.17138206958770752,1436.3890380859375,174.9652557373047,691.7000732421875,0.0,1.9324742555618286,0.12815384566783905,0.0,0.0,0.0,2.6043767320516054e-06,0.04164546728134155,0.06514954566955566,0.08569103479385376,430.9167175292969,8.748263359069824,1383.400146484375,0.0,0.38649484515190125,0.0256307702511549,0.0,0.0,1823.6712646484375
59.0,0.0013187129516154528,3.1939439395500813e-06,0.047440528869628906,0.11630398035049438,0.11697863042354584,1435.8463134765625,175.47019958496094,712.6535034179688,0.0,1.9324742555618286,0.4637589156627655,0.0,0.0,0.0,1.5969719697750406e-06,0.023720264434814453,0.05815199017524719,0.05848931521177292,430.75390625,8.773509979248047,1425.3070068359375,0.0,0.38649484515190125,0.09275178611278534,0.0,0.0,1865.455322265625
60.0,0.0015599882462993264,3.5813327485811897e-06,0.021706700325012207,0.11187183856964111,0.15542806684970856,1435.5531005859375,175.98358154296875,630.2730102539062,0.0,1.9324742555618286,0.1009739339351654,0.0,0.0,0.0,1.7906663742905948e-06,0.010853350162506104,0.05593591928482056,0.07771403342485428,430.66595458984375,8.799179077148438,1260.5460205078125,0.0,0.38649484515190125,0.02019478753209114,0.0,0.0,1700.5638427734375
61.0,0.0016147453570738435,2.162828423024621e-06,0.048941731452941895,0.1790160834789276,0.231376051902771,1432.310791015625,176.5080108642578,726.550537109375,0.0,1.9324742555618286,0.23116257786750793,0.0,0.0,0.0,1.0814142115123104e-06,0.024470865726470947,0.0895080417394638,0.1156880259513855,429.6932678222656,8.825400352478027,1453.10107421875,0.0,0.38649484515190125,0.046232517808675766,0.0,0.0,1892.2838134765625
62.0,0.0016496063908562064,2.5907697818183806e-06,0.07153713703155518,0.09239992499351501,0.085743747651577,1433.3779296875,177.0315399169922,765.336181640625,0.0,1.9324742555618286,0.13012583553791046,0.0,0.0,0.0,1.2953848909091903e-06,0.03576856851577759,0.04619996249675751,0.0428718738257885,430.0133972167969,8.851576805114746,1530.67236328125,0.0,0.38649484515190125,0.026025166735053062,0.0,0.0,1970.0762939453125
63.0,0.0014533564681187272,7.1561867116543e-06,0.0308721661567688,0.1328558623790741,0.15907585620880127,1434.73193359375,177.5507354736328,808.9094848632812,0.0,1.9324742555618286,0.13631434738636017,0.0,0.0,0.0,3.57809335582715e-06,0.0154360830783844,0.06642793118953705,0.07953792810440063,430.4195861816406,8.87753677368164,1617.8189697265625,0.0,0.38649484515190125,0.027262870222330093,0.0,0.0,2057.692626953125
64.0,0.0014409698778763413,5.020631306251744e-06,0.08929991722106934,0.19325906038284302,0.19653058052062988,1436.0081787109375,178.02748107910156,763.4122314453125,0.0,1.9324742555618286,0.1514655351638794,0.0,0.0,0.0,2.510315653125872e-06,0.04464995861053467,0.09662953019142151,0.09826529026031494,430.8024597167969,8.901373863220215,1526.824462890625,0.0,0.38649484515190125,0.03029310703277588,0.0,0.0,1967.18603515625
65.0,0.0012431120267137885,8.370377599931089e-07,0.029644370079040527,0.08019712567329407,0.0964205414056778,1429.63427734375,178.5122833251953,641.140625,0.0,1.9324742555618286,0.12329304218292236,0.0,0.0,0.0,4.1851887999655446e-07,0.014822185039520264,0.040098562836647034,0.0482102707028389,428.8902893066406,8.925614356994629,1282.28125,0.0,0.38649484515190125,0.024658609181642532,0.0,0.0,1720.6126708984375
66.0,0.0021206410601735115,2.915625600508065e-06,0.11299079656600952,0.1499691605567932,0.1447240710258484,1429.471923828125,179.0062255859375,926.4498291015625,0.0,1.9324742555618286,0.2581580877304077,0.0,0.0,0.0,1.4578128002540325e-06,0.05649539828300476,0.0749845802783966,0.0723620355129242,428.8415832519531,8.950311660766602,1852.899658203125,0.0,0.38649484515190125,0.0516316182911396,0.0,0.0,2291.33544921875
67.0,0.0013840185711160302,4.169200110482052e-06,0.03129720687866211,0.1357118785381317,0.13155391812324524,1434.351806640625,179.49322509765625,636.1569213867188,0.0,1.9324742555618286,0.17448046803474426,0.0,0.0,0.0,2.084600055241026e-06,0.015648603439331055,0.06785593926906586,0.06577695906162262,430.3055725097656,8.974661827087402,1272.3138427734375,0.0,0.38649484515190125,0.03489609435200691,0.0,0.0,1712.1661376953125
68.0,0.0027442278806120157,3.488071797619341e-06,0.043179214000701904,0.11366602778434753,0.13117368519306183,1432.038330078125,179.99253845214844,828.466796875,0.0,1.9324742555618286,0.32487794756889343,0.0,0.0,0.0,1.7440358988096705e-06,0.021589607000350952,0.05683301389217377,0.06558684259653091,429.61151123046875,8.999627113342285,1656.93359375,0.0,0.38649484515190125,0.06497558951377869,0.0,0.0,2096.142822265625
69.0,0.0012936614220961928,4.247415745339822e-06,0.05071038007736206,0.1887601613998413,0.19002950191497803,1433.802490234375,180.49522399902344,660.9526977539062,0.0,1.9324742555618286,0.19322681427001953,0.0,0.0,0.0,2.123707872669911e-06,0.02535519003868103,0.09438008069992065,0.09501475095748901,430.1407775878906,9.024761199951172,1321.9053955078125,0.0,0.38649484515190125,0.038645364344120026,0.0,0.0,1761.712158203125
70.0,0.006301450543105602,5.579042408498935e-06,0.05702930688858032,0.10856035351753235,0.15329259634017944,1433.2320556640625,181.00962829589844,835.6612548828125,0.0,1.9324742555618286,0.2641305923461914,0.0,0.0,0.0,2.7895212042494677e-06,0.02851465344429016,0.054280176758766174,0.07664629817008972,429.9696350097656,9.050481796264648,1671.322509765625,0.0,0.38649484515190125,0.05282611772418022,0.0,0.0,2110.947509765625
71.0,0.001373930717818439,4.1652488107501995e-06,0.04059600830078125,0.13373267650604248,0.15676714479923248,1432.20947265625,181.5235595703125,687.52978515625,0.0,1.9324742555618286,0.14427870512008667,0.0,0.0,0.0,2.0826244053750997e-06,0.020298004150390625,0.06686633825302124,0.07838357239961624,429.6628723144531,9.076178550720215,1375.0595703125,0.0,0.38649484515190125,0.028855741024017334,0.0,0.0,1814.380859375
72.0,0.013302412815392017,1.8804603314492851e-06,0.027066469192504883,0.08712580800056458,0.10993581265211105,1427.708740234375,182.02662658691406,670.0009765625,0.0,1.9324742555618286,0.1576993465423584,0.0,0.0,0.0,9.402301657246426e-07,0.013533234596252441,0.04356290400028229,0.05496790632605553,428.3126525878906,9.10133171081543,1340.001953125,0.0,0.38649484515190125,0.03153986856341362,0.0,0.0,1777.959228515625
73.0,0.01869180239737034,1.8726192365647876e-06,0.05451202392578125,0.12046363949775696,0.1663370430469513,1427.508056640625,182.5444793701172,729.7923583984375,0.0,1.9324742555618286,0.11551442742347717,0.0,0.0,0.0,9.363096182823938e-07,0.027256011962890625,0.06023181974887848,0.08316852152347565,428.25244140625,9.12722396850586,1459.584716796875,0.0,0.38649484515190125,0.023102885112166405,0.0,0.0,1897.563232421875
74.0,0.019734403118491173,4.467681719688699e-06,0.02231687307357788,0.12459775805473328,0.14333026111125946,1429.9542236328125,183.0613250732422,637.921142578125,0.0,1.9324742555618286,0.1808774471282959,0.0,0.0,0.0,2.2338408598443493e-06,0.01115843653678894,0.06229887902736664,0.07166513055562973,428.9862976074219,9.153066635131836,1275.84228515625,0.0,0.38649484515190125,0.03617548942565918,0.0,0.0,1714.569091796875
75.0,0.0030831231269985437,1.5956672996253474e-06,0.03417479991912842,0.0987958014011383,0.07319778949022293,1428.276611328125,183.5771026611328,555.51953125,0.0,1.9324742555618286,0.16316330432891846,0.0,0.0,0.0,7.978336498126737e-07,0.01708739995956421,0.04939790070056915,0.036598894745111465,428.4830017089844,9.178854942321777,1111.0390625,0.0,0.38649484515190125,0.03263266012072563,0.0,0.0,1549.2261962890625
76.0,0.0012605712981894612,2.464313411110197e-06,0.04254263639450073,0.17942655086517334,0.24450449645519257,1428.5576171875,184.1018829345703,677.3974609375,0.0,1.9324742555618286,0.34746700525283813,0.0,0.0,0.0,1.2321567055550986e-06,0.021271318197250366,0.08971327543258667,0.12225224822759628,428.5672912597656,9.205094337463379,1354.794921875,0.0,0.38649484515190125,0.06949340552091599,0.0,0.0,1793.2576904296875
77.0,0.012664511799812317,4.773864020535257e-06,0.04652637243270874,0.12254437804222107,0.18091639876365662,1429.7349853515625,184.6337432861328,610.734130859375,0.0,1.9324742555618286,0.17566294968128204,0.0,0.0,0.0,2.3869320102676284e-06,0.02326318621635437,0.061272189021110535,0.09045819938182831,428.9205017089844,9.231687545776367,1221.46826171875,0.0,0.38649484515190125,0.03513259068131447,0.0,0.0,1660.229736328125
78.0,0.0015278586652129889,4.160616299486719e-06,0.05264800786972046,0.09695577621459961,0.13949576020240784,1429.5665283203125,185.1422882080078,741.9703369140625,0.0,1.9324742555618286,0.22823624312877655,0.0,0.0,0.0,2.0803081497433595e-06,0.02632400393486023,0.048477888107299805,0.06974788010120392,428.8699645996094,9.25711441040039,1483.940673828125,0.0,0.38649484515190125,0.04564724862575531,0.0,0.0,1922.64599609375
79.0,0.0012236550683155656,7.308164640562609e-06,0.030103862285614014,0.09941092133522034,0.06966753304004669,1425.3209228515625,185.6489715576172,874.64697265625,0.0,1.9324742555618286,0.128102108836174,0.0,0.0,0.0,3.6540823202813044e-06,0.015051931142807007,0.04970546066761017,0.034833766520023346,427.5962829589844,9.282448768615723,1749.2939453125,0.0,0.38649484515190125,0.025620421394705772,0.0,0.0,2186.685546875
80.0,0.0012364201247692108,4.059819730173331e-06,0.10534507036209106,0.13220879435539246,0.18545317649841309,1428.408447265625,186.1563720703125,708.0299072265625,0.0,1.9324742555618286,0.32287824153900146,0.0,0.0,0.0,2.0299098650866654e-06,0.05267253518104553,0.06610439717769623,0.09272658824920654,428.5225524902344,9.307818412780762,1416.059814453125,0.0,0.38649484515190125,0.06457564979791641,0.0,0.0,1854.553955078125
81.0,0.0012753873597830534,1.4423987977352226e-06,0.056528687477111816,0.10172244906425476,0.14537665247917175,1424.0516357421875,186.66737365722656,503.5004577636719,0.0,1.9324742555618286,0.21026843786239624,0.0,0.0,0.0,7.211993988676113e-07,0.028264343738555908,0.05086122453212738,0.07268832623958588,427.21551513671875,9.333369255065918,1007.0009155273438,0.0,0.38649484515190125,0.04205368831753731,0.0,0.0,1444.1314697265625
82.0,0.001440647291019559,5.158206477062777e-06,0.04378688335418701,0.06469722837209702,0.0806102454662323,1881.7113037109375,187.20262145996094,949.7734985351562,0.0,1.9324742555618286,0.0981682538986206,0.0,0.0,0.0,2.5791032385313883e-06,0.021893441677093506,0.03234861418604851,0.04030512273311615,564.513427734375,9.36013126373291,1899.5469970703125,0.0,0.38649484515190125,0.01963365077972412,0.0,0.0,2473.922607421875
83.0,0.0027704297099262476,2.4461655812046956e-06,0.11802804470062256,0.14865869283676147,0.2100491225719452,1426.9007568359375,187.728271484375,683.8336791992188,0.0,1.9324742555618286,0.23783588409423828,0.0,0.0,0.0,1.2230827906023478e-06,0.05901402235031128,0.07432934641838074,0.1050245612859726,428.07025146484375,9.38641357421875,1367.6673583984375,0.0,0.38649484515190125,0.047567177563905716,0.0,0.0,1805.7991943359375
84.0,0.006367696914821863,1.4652531490355614e-06,0.07806634902954102,0.09222909808158875,0.14524930715560913,1423.0908203125,188.246826171875,756.036865234375,0.0,1.9324742555618286,0.10760454088449478,0.0,0.0,0.0,7.326265745177807e-07,0.03903317451477051,0.04611454904079437,0.07262465357780457,426.9272766113281,9.412341117858887,1512.07373046875,0.0,0.38649484515190125,0.021520908921957016,0.0,0.0,1948.9854736328125
85.0,0.02356642112135887,2.3389050056721317e-06,0.028973102569580078,0.11454132199287415,0.07105795294046402,1423.60888671875,188.7488555908203,798.4862060546875,0.0,1.9324742555618286,0.12573258578777313,0.0,0.0,0.0,1.1694525028360658e-06,0.014486551284790039,0.05727066099643707,0.03552897647023201,427.0826721191406,9.437442779541016,1596.972412109375,0.0,0.38649484515190125,0.025146517902612686,0.0,0.0,2034.0350341796875
86.0,0.021024277433753014,1.3998467238707235e-06,0.050646066665649414,0.08980995416641235,0.1294390708208084,1424.455078125,189.25868225097656,806.6754760742188,0.0,1.9324742555618286,0.1090804934501648,0.0,0.0,0.0,6.999233619353618e-07,0.025323033332824707,0.04490497708320618,0.0647195354104042,427.3365478515625,9.462934494018555,1613.3509521484375,0.0,0.38649484515190125,0.02181609906256199,0.0,0.0,2050.714599609375
87.0,0.002180268056690693,1.505811269453261e-06,0.0343242883682251,0.12467005848884583,0.13466960191726685,1423.5938720703125,189.7346649169922,743.0469970703125,0.0,1.9324742555618286,0.10484445095062256,0.0,0.0,0.0,7.529056347266305e-07,0.01716214418411255,0.06233502924442291,0.06733480095863342,427.07818603515625,9.486733436584473,1486.093994140625,0.0,0.38649484515190125,0.020968889817595482,0.0,0.0,1923.21533203125
88.0,0.0014668384101241827,1.0636749721015804e-06,0.036226511001586914,0.07966214418411255,0.06873442232608795,1423.627197265625,190.2255096435547,674.8489990234375,0.0,1.9324742555618286,0.12235918641090393,0.0,0.0,0.0,5.318374860507902e-07,0.018113255500793457,0.039831072092056274,0.034367211163043976,427.0881652832031,9.511275291442871,1349.697998046875,0.0,0.38649484515190125,0.024471838027238846,0.0,0.0,1786.8021240234375
89.0,0.001270568696781993,2.7102830699732294e-06,0.06107807159423828,0.14331674575805664,0.15721851587295532,1422.4764404296875,190.719970703125,457.5604248046875,0.0,1.9324742555618286,0.2996801435947418,0.0,0.0,0.0,1.3551415349866147e-06,0.03053903579711914,0.07165837287902832,0.07860925793647766,426.7429504394531,9.535998344421387,915.120849609375,0.0,0.38649484515190125,0.059936027973890305,0.0,0.0,1352.0283203125
90.0,0.0012132097035646439,1.4855172594252508e-06,0.05561548471450806,0.07500845193862915,0.04635367915034294,1421.2247314453125,191.22129821777344,667.0550537109375,0.0,1.9324742555618286,0.10750505328178406,0.0,0.0,0.0,7.427586297126254e-07,0.02780774235725403,0.037504225969314575,0.02317683957517147,426.367431640625,9.561064720153809,1334.110107421875,0.0,0.38649484515190125,0.02150101028382778,0.0,0.0,1770.5362548828125
91.0,0.0011787378462031484,1.420597186552186e-06,0.049042582511901855,0.17022308707237244,0.17207877337932587,1422.152587890625,191.73536682128906,710.3892822265625,0.0,1.9324742555618286,0.3286418318748474,0.0,0.0,0.0,7.10298593276093e-07,0.024521291255950928,0.08511154353618622,0.08603938668966293,426.6457824707031,9.58676815032959,1420.778564453125,0.0,0.38649484515190125,0.06572836637496948,0.0,0.0,1857.66015625
92.0,0.0012178417528048158,9.187317118630745e-06,0.035856008529663086,0.1572955846786499,0.20940229296684265,1427.5380859375,192.2604522705078,641.912353515625,0.0,1.9324742555618286,0.2138669192790985,0.0,0.0,0.0,4.593658559315372e-06,0.017928004264831543,0.07864779233932495,0.10470114648342133,428.2614440917969,9.613022804260254,1283.82470703125,0.0,0.38649484515190125,0.04277338460087776,0.0,0.0,1722.3309326171875
93.0,0.001201503211632371,2.012175627896795e-06,0.08328419923782349,0.12496650218963623,0.17029306292533875,1420.8712158203125,192.7684326171875,740.6519775390625,0.0,1.9324742555618286,0.36224764585494995,0.0,0.0,0.0,1.0060878139483975e-06,0.04164209961891174,0.062483251094818115,0.08514653146266937,426.2613830566406,9.638422012329102,1481.303955078125,0.0,0.38649484515190125,0.07244952768087387,0.0,0.0,1917.853271484375
94.0,0.0011635550763458014,8.405940548072977e-07,0.028675556182861328,0.08247870206832886,0.10835953056812286,1420.2147216796875,193.28363037109375,796.3064575195312,0.0,1.9324742555618286,0.13982045650482178,0.0,0.0,0.0,4.202970274036488e-07,0.014337778091430664,0.04123935103416443,0.05417976528406143,426.0644226074219,9.66418170928955,1592.6129150390625,0.0,0.38649484515190125,0.027964090928435326,0.0,0.0,2028.8668212890625
95.0,0.001199818798340857,1.7255279090022668e-06,0.049658119678497314,0.13923171162605286,0.177293062210083,1420.302978515625,193.80360412597656,699.6809692382812,0.0,1.9324742555618286,0.3032945990562439,0.0,0.0,0.0,8.627639545011334e-07,0.024829059839248657,0.06961585581302643,0.0886465311050415,426.0909118652344,9.690180778503418,1399.3619384765625,0.0,0.38649484515190125,0.06065892055630684,0.0,0.0,1835.7745361328125
96.0,0.001155998557806015,3.976795142079936e-06,0.07928246259689331,0.18120992183685303,0.14240655303001404,1423.9163818359375,194.33258056640625,780.3416137695312,0.0,1.9324742555618286,0.0,0.0,0.0,0.0,1.988397571039968e-06,0.039641231298446655,0.09060496091842651,0.07120327651500702,427.1749267578125,9.716629028320312,1560.6832275390625,0.0,0.38649484515190125,0.0,0.0,0.0,1998.163818359375
97.0,0.0011712817940860987,1.4214492694009095e-06,0.04020237922668457,0.06511238217353821,0.08851434290409088,1420.359619140625,194.8619842529297,742.79150390625,0.0,1.9324742555618286,0.09735488891601562,0.0,0.0,0.0,7.107246347004548e-07,0.020101189613342285,0.032556191086769104,0.04425717145204544,426.10791015625,9.743099212646484,1485.5830078125,0.0,0.38649484515190125,0.019470978528261185,0.0,0.0,1921.9381103515625
98.0,0.001201152103021741,1.0990037253577611e-06,0.04826557636260986,0.08073118329048157,0.1507616490125656,1420.7392578125,195.4073028564453,698.2671508789062,0.0,1.9324742555618286,0.14135777950286865,0.0,0.0,0.0,5.495018626788806e-07,0.02413278818130493,0.040365591645240784,0.0753808245062828,426.2218017578125,9.770365715026855,1396.5343017578125,0.0,0.38649484515190125,0.02827155590057373,0.0,0.0,1833.082275390625
99.0,0.001195974531583488,3.060401695620385e-06,0.06030583381652832,0.11542466282844543,0.02709101140499115,1420.0458984375,195.9531707763672,737.1409912109375,0.0,1.9324742555618286,0.18923774361610413,0.0,0.0,0.0,1.5302008478101925e-06,0.03015291690826416,0.05771233141422272,0.013545505702495575,426.0137939453125,9.797658920288086,1474.281982421875,0.0,0.38649484515190125,0.037847548723220825,0.0,0.0,1910.620361328125
100.0,0.0011307665845379233,7.691390919717378e-07,0.03226584196090698,0.06420564651489258,0.08385273814201355,1418.093017578125,196.50331115722656,660.787841796875,0.0,1.9324742555618286,0.13162147998809814,0.0,0.0,0.0,3.845695459858689e-07,0.01613292098045349,0.03210282325744629,0.041926369071006775,425.42791748046875,9.825165748596191,1321.57568359375,0.0,0.38649484515190125,0.02632429637014866,0.0,0.0,1757.3328857421875
