variant,seed,round,server_da_steps_per_round,server_da_total_steps_so_far,accuracy,macro_f1,nll,ece,mean_confidence,error_count,recall_class_0,recall_class_1,recall_class_2,recall_class_3,checkpoint_sha256,evaluation_seconds,evidence_status,test_used_for_selection
DA100,42,1,100,100,0.8691176470588236,0.8699882240407184,0.7449369126366436,0.349970889244886,0.5191467578139375,178,0.8735294117647059,0.8794117647058823,0.7441176470588236,0.9794117647058823,0f2ec9b74b950f1978f061c6726692028b9c078150a789ab56b65b0eca02cf70,1.4074797999346629,existing_canonical_reference,False
DA100,42,2,100,200,0.9014705882352941,0.9028038307296273,0.5298084840480992,0.27161264160976695,0.6298579466255272,134,0.9382352941176471,0.861764705882353,0.8294117647058824,0.9764705882352941,7292d4a34ea46a347b280624aadbb17d55dd952840693b952819d9e19c961457,1.015262399916537,existing_canonical_reference,False
DA100,42,3,100,300,0.9051470588235294,0.9059724154834312,0.39633883093073236,0.18734099216320935,0.7182511057047283,129,0.9588235294117647,0.8147058823529412,0.8529411764705882,0.9941176470588236,ad814cb742db863f774b45ab3710693626d9792ef9c3761de1482611d71b6d4b,0.6337155998917297,existing_canonical_reference,False
DA100,42,4,100,400,0.9066176470588235,0.9076101483975341,0.3126060960126208,0.1153706678353688,0.7912469792234547,127,0.9529411764705882,0.8117647058823529,0.8647058823529412,0.9970588235294118,d8f7241967fa6d1844ca29234316b16d594cec9367d0293037926de7538605b5,0.5045966000761837,existing_canonical_reference,False
DA100,42,5,100,500,0.9125,0.9134055961727251,0.24846635700866687,0.07004414227078944,0.8492468116914524,119,0.9529411764705882,0.7911764705882353,0.9147058823529411,0.9911764705882353,97bbc7d9c30b34b5f782fa92c88081485d4b130a373b12230dd154460ef97619,0.8796411000657827,existing_canonical_reference,False
DA100,42,6,100,600,0.9338235294117647,0.9329998436076757,0.2285403453736611,0.03590599521994592,0.9012221577851212,90,0.9882352941176471,0.8117647058823529,0.9411764705882353,0.9941176470588236,9178d4e8dd8a4bf9a4ac185c93ec1156a6400179df170f4f3567226e9aba56bd,0.5802015999797732,existing_canonical_reference,False
DA100,42,7,100,700,0.9529411764705882,0.9529057308257654,0.1513040087848628,0.026557936913826855,0.9311598136144525,64,0.9852941176470589,0.888235294117647,0.9441176470588235,0.9941176470588236,d7f9ac4bbf0d1da634e35b47e39dc4aeb87b3c85ab8d0fce9bc70e9fd116c8cf,0.8192987999645993,existing_canonical_reference,False
DA100,42,8,100,800,0.9786764705882353,0.9787402201352632,0.09190733719013602,0.019029918466420763,0.9611069492776604,29,0.961764705882353,0.9764705882352941,0.9764705882352941,1.0,effc640937483d31d3d63a6872600038847d4d353173c33f027446d2274413c3,0.7146774000721052,existing_canonical_reference,False
DA100,42,9,100,900,0.9830882352941176,0.983124122454883,0.0696590973507182,0.009423417685662976,0.9745569468859364,23,0.9676470588235294,0.9852941176470589,0.9794117647058823,1.0,93737f80ec53b06de343e4ceea8c0fb40274455386d26aa7c4713f93afa1a545,0.6108750998973846,existing_canonical_reference,False
DA100,42,10,100,1000,0.9845588235294118,0.9846053147495327,0.07517813160229139,0.00419557988643654,0.9837056364206707,21,0.9794117647058823,0.9882352941176471,0.9852941176470589,0.9852941176470589,0d2026caebcad3ebdf644a6eb659b95ca1115cc2107f16a5fe73a8ee7e565248,0.9901383999967948,existing_canonical_reference,False
DA100,42,11,100,1100,0.9830882352941176,0.9831405747381097,0.08178909502554876,0.00990330883685275,0.9888525513165137,23,0.9676470588235294,0.9941176470588236,0.9852941176470589,0.9852941176470589,b70bef80e08dfba4c7759719f67d464d6cb3674ce4f1f72eeacaad071eddd411,0.8782281000167131,existing_canonical_reference,False
DA100,42,12,100,1200,0.9852941176470589,0.9853069785251709,0.06847211235372223,0.008820528054938645,0.9921272063956541,20,0.9647058823529412,0.9941176470588236,0.9852941176470589,0.9970588235294118,7e6f8aec7c45a1f950a9b0fc967d7eb6b26469384febac5245d247f932f8ddb4,0.6419872998958454,existing_canonical_reference,False
DA100,42,13,100,1300,0.9845588235294118,0.9845758461836343,0.0828741694954749,0.00920922874527826,0.9930297403212855,21,0.9764705882352941,1.0,0.9823529411764705,0.9794117647058823,d43d1b9e7ce709c010fa17315492a2922ba8ac558235b0e11b332009ebc53b4f,1.0065200999379158,existing_canonical_reference,False
DA100,42,14,100,1400,0.9889705882352942,0.9889808373015044,0.05917557493776473,0.007360584420316451,0.9943343803286553,15,0.9823529411764705,1.0,0.9823529411764705,0.9911764705882353,c1695b0bcb3ad99e1a880adcb764917c88593b3353049af1e131d4c054cbda63,0.5248570999829099,existing_canonical_reference,False
DA100,42,15,100,1500,0.9830882352941176,0.9830982339314422,0.088015285064349,0.013172767661950188,0.9955738795592505,23,0.961764705882353,1.0,0.9823529411764705,0.9882352941176471,a7a7f059e65006afad65ad1fd2758b5211d387cd4369c5cbfd2902ec5b5d1507,0.7028724999399856,existing_canonical_reference,False
DA100,42,16,100,1600,0.9889705882352942,0.9889820744765557,0.07152003386426739,0.008142049391480036,0.9962031598038533,15,0.9882352941176471,1.0,0.9823529411764705,0.9852941176470589,1501176b19c2f78feaf061e7ea7a828cebeb1b844e8006a48c20f3c36dd04b4e,0.6086710999952629,existing_canonical_reference,False
DA100,42,17,100,1700,0.9845588235294118,0.9845959074532353,0.10370296421527657,0.012536136017126215,0.9966957079137073,21,0.9735294117647059,1.0,0.9823529411764705,0.9823529411764705,2485446ec3b0327be8a71ca1f5be2829ba02ea71023e6cfb8e8a5109d8ca3b9a,0.49765410006511956,existing_canonical_reference,False
DA100,42,18,100,1800,0.9897058823529412,0.9897077831312093,0.08760223158495448,0.008883993152309849,0.9978866101187818,14,0.9970588235294118,0.9970588235294118,0.9823529411764705,0.9823529411764705,0eb05809d7db2d031d048cb90890e226f609e6086f068fa415f044c360f3aed5,0.8025537000503391,existing_canonical_reference,False
DA100,42,19,100,1900,0.9882352941176471,0.9882572333752789,0.08680257015159781,0.010073367900708074,0.9983086620183552,16,0.9852941176470589,1.0,0.9852941176470589,0.9823529411764705,b1f9baba6a5db9daef2bf855682b5468e5e7c8b95ecdf7f117b1ec74ea2d2849,0.9589543000329286,existing_canonical_reference,False
DA100,42,20,100,2000,0.986764705882353,0.9867916221488123,0.0955597466246114,0.011457991424728864,0.997336625614587,18,0.9794117647058823,1.0,0.9852941176470589,0.9823529411764705,6d461ba9c681f04d517161df6eb5c2db216d24620082e3c1106b79e2d0b9be97,0.4267912999494001,existing_canonical_reference,False
DA100,42,21,100,2100,0.986764705882353,0.9867917654866035,0.07897069502419216,0.011212656340178333,0.9975081558613216,18,0.9794117647058823,1.0,0.9823529411764705,0.9852941176470589,39252a5aa522bb69cc721f2c8d8bfb359cf2503f1cf91f0e967f9bd9ac857044,0.5521789999911562,existing_canonical_reference,False
DA100,42,22,100,2200,0.9860294117647059,0.9860414110190333,0.08383323087246927,0.011574481296188727,0.9970864519038621,19,0.9676470588235294,1.0,0.9852941176470589,0.9911764705882353,e015ab596fa5d4fb41c7b1be12dc0c83c2a3de633b74294b0767f36d640dc5da,0.6292712000431493,existing_canonical_reference,False
DA100,42,23,100,2300,0.9801470588235294,0.9801496026554859,0.12070823763830096,0.017510386161944457,0.9969523614820313,27,0.95,1.0,0.9823529411764705,0.9882352941176471,fd536504eb590ddf680d9043ced54c5f91df45fa1aac47624ae8e21f1f7425a1,0.6535977000603452,existing_canonical_reference,False
DA100,42,24,100,2400,0.9852941176470589,0.9853113510435203,0.10360825387674104,0.01219129089046935,0.9974854085375281,20,0.9794117647058823,1.0,0.9794117647058823,0.9823529411764705,5ee77fb1a9901d07eab7a57133253a004213c7107ffde7edfae513c6a54199dd,0.5599468000000343,existing_canonical_reference,False
DA100,42,25,100,2500,0.9897058823529412,0.9897118464566658,0.07605435272835022,0.008967457887004388,0.9983927805634106,14,0.9852941176470589,1.0,0.9823529411764705,0.9911764705882353,feeab9f63db47f1a5bdf3c58045c8d2d17c70964de19f544970d85158d819665,0.9367499999934807,existing_canonical_reference,False
DA80,42,1,80,80,0.8713235294117647,0.8731306367922262,0.7795963496953956,0.37329353782183977,0.4980299915899249,175,0.8647058823529412,0.8323529411764706,0.8176470588235294,0.9705882352941176,89973f51be0565f5dfb96967a7b1b68ce824b21d6ff5db0856fb5d70fa702616,0.45848000003024936,canonical_postflight_pass,False
DA80,42,2,80,160,0.8823529411764706,0.8836047145432023,0.5740618148331924,0.27811944410204886,0.6042334970744218,160,0.9264705882352942,0.8588235294117647,0.7588235294117647,0.9852941176470589,9a2b683d7c979afe1a5c9da0ddf220039b9026f8bdec4ef74afa2b878e5c38d7,0.6900898999301717,canonical_postflight_pass,False
DA80,42,3,80,240,0.9073529411764706,0.9078892005994262,0.4266659384940094,0.21082883034558855,0.6969573728740215,126,0.9588235294117647,0.8823529411764706,0.7941176470588235,0.9941176470588236,802fa48b65db800b7621626dcee595577889b4ef0ae5da35a45f2cbe91ed0789,0.6036146999103948,canonical_postflight_pass,False
DA80,42,4,80,320,0.888235294117647,0.8900042765250571,0.3741330506165446,0.12348187670988196,0.7661117069423199,152,0.9117647058823529,0.8176470588235294,0.8264705882352941,0.9970588235294118,a13c19ccfabf27196559ebf26a87309e991412752ab377fca0c39ba1d5772ca2,0.602819100022316,canonical_postflight_pass,False
DA80,42,5,80,400,0.9080882352941176,0.909179529909163,0.2831935292155003,0.09344083088285783,0.8205203811911975,125,0.95,0.8058823529411765,0.888235294117647,0.9882352941176471,a99b736a910d535992f7171725527c46530b3bcf7971e6fee6b4fd032804ece6,0.5698466999456286,canonical_postflight_pass,False
DA80,42,6,80,480,0.9198529411764705,0.9206888305466083,0.23267521074709302,0.053844736954745134,0.8714943328324486,109,0.9705882352941176,0.8352941176470589,0.8970588235294118,0.9764705882352941,9d39f882031cca4a54fb65a6564213fa649f19b78e67f17552140cca45182d81,1.269366899970919,canonical_postflight_pass,False
DA80,42,7,80,560,0.9352941176470588,0.9358659031785885,0.1757684338468048,0.034699268858222464,0.9122497765895199,88,0.9764705882352941,0.8735294117647059,0.9088235294117647,0.9823529411764705,b7b99ef823966f22327762652324e3faa7453a897962da42512f968170a37a04,0.5614744999911636,canonical_postflight_pass,False
DA80,42,8,80,640,0.9397058823529412,0.9398469744091332,0.16497255568881866,0.018140289559960405,0.9407086140311817,82,0.9823529411764705,0.8705882352941177,0.9264705882352942,0.9794117647058823,3c57a20cadd46c555ffc509e64cafd78e27e0e22065e8677d1356d3dc1513fec,0.8852581999963149,canonical_postflight_pass,False
DA80,42,9,80,720,0.9838235294117647,0.9838398828969133,0.08082070166352341,0.017164216760326888,0.9666593126514379,22,0.9823529411764705,0.9911764705882353,0.9647058823529412,0.9970588235294118,6a6bb1d95a8d932f78492865915e3652c7f573eb135f67adeb81c2a891ab80d0,0.7044396999990568,canonical_postflight_pass,False
DA80,42,10,80,800,0.9727941176470588,0.9727038589076218,0.1303836368561191,0.012721534029525874,0.9736380132243914,37,0.9941176470588236,0.9352941176470588,0.9676470588235294,0.9941176470588236,8c1180210e446aba78c1604e78e9819adadecaf24df1393f7f5266bb70de935e,0.7920161000220105,canonical_postflight_pass,False
DA80,42,11,80,880,0.9838235294117647,0.98383827647891,0.08932482449894567,0.006359664701363645,0.9849059991538525,22,0.9647058823529412,0.9970588235294118,0.9823529411764705,0.9911764705882353,b70053b793923ee7ac15416c45d164dbacec196f63943fba58f5fb01eca9dcfe,0.7557152999797836,canonical_postflight_pass,False
DA80,42,12,80,960,0.9882352941176471,0.9882543267704131,0.06572262849492821,0.004903407394885951,0.9895799662260448,16,0.9823529411764705,0.9970588235294118,0.9823529411764705,0.9911764705882353,69b73956d31f504660a8d769ba7ce73bbd2cc1369dd0615e1088ea2d398b4f25,0.586317399982363,canonical_postflight_pass,False
DA80,42,13,80,1040,0.9845588235294118,0.9846241159169216,0.07504045387409629,0.010208398541983434,0.9924247370923267,21,0.9764705882352941,0.9882352941176471,0.9852941176470589,0.9882352941176471,aeb06064c7ce75d56bbd8c87956a3fd01de055c4f69515f7722b4715d9b7ec33,0.5399077000329271,canonical_postflight_pass,False
DA80,42,14,80,1120,0.9676470588235294,0.9675433164834218,0.13660470664542188,0.021201033583458713,0.9874382436713751,44,0.9794117647058823,0.9705882352941176,0.9235294117647059,0.9970588235294118,23b810830607a14f84b46ccf99ecca62441a2aac254e70adebb206c418386018,0.821973399957642,canonical_postflight_pass,False
DA80,42,15,80,1200,0.9845588235294118,0.9846017493937946,0.08497585941800082,0.011246220153920801,0.9931013125707121,21,0.9735294117647059,0.9941176470588236,0.9794117647058823,0.9911764705882353,0038b44bce6acbfd18f97337430dd67c0af853ca5f7d734b988c68e45265b7b7,0.7345425999956205,canonical_postflight_pass,False
DA80,42,16,80,1280,0.986764705882353,0.9867899534680996,0.08964272634593323,0.010947824138052292,0.9959374507560449,18,0.9823529411764705,0.9970588235294118,0.9823529411764705,0.9852941176470589,d95862cbf75c3cb58e63a373806b751c17d865dd680d0e1d93fa3574078ac0c1,0.43439199996646494,canonical_postflight_pass,False
DA80,42,17,80,1360,0.9875,0.9875059155002911,0.08216683993928932,0.00973094478249554,0.9970134488361724,17,0.9970588235294118,0.9911764705882353,0.9794117647058823,0.9823529411764705,839cf591d82f75c4df2cd0f80e883fbe8c8f8fa8c3fb57531572eb713fe3afe1,0.6540373999159783,canonical_postflight_pass,False
DA80,42,18,80,1440,0.986764705882353,0.9867816318645241,0.07165447213458234,0.010464980847695218,0.9958952529465451,18,0.9705882352941176,0.9970588235294118,0.9852941176470589,0.9941176470588236,c2ae78e5e2258ffc630ecdd40d380fe400bb999cc573962fb8ea8516e92bff44,0.7425413999008015,canonical_postflight_pass,False
DA80,42,19,80,1520,0.9897058823529412,0.9897056932569647,0.08006076594965011,0.008374316815067733,0.9978098516955095,14,0.9970588235294118,0.9941176470588236,0.9823529411764705,0.9852941176470589,65412086009f189e30fe9c10bd4c2506b05a6f4fb3b79eed49328ea3124213c9,0.45097929995972663,canonical_postflight_pass,False
DA80,42,20,80,1600,0.9882352941176471,0.9882340001047266,0.08524112221692852,0.009550876564839326,0.9973292230683215,16,0.9970588235294118,0.9911764705882353,0.9794117647058823,0.9852941176470589,2d32e40247d498685395bf2984cf9dac0a360a378899b6cde25222acc2aefcee,0.9046726999804378,canonical_postflight_pass,False
DA80,42,21,80,1680,0.9860294117647059,0.9860547965051472,0.09880858894068072,0.012006905937896065,0.9977605659295531,19,0.9735294117647059,1.0,0.9852941176470589,0.9852941176470589,6367c86a85a72229fb6bb23f8861ca805ade763f7e5a233caa643576e776baad,0.5470047000562772,canonical_postflight_pass,False
DA80,42,22,80,1760,0.9882352941176471,0.9882348375838337,0.09898284322152463,0.010068170156549,0.9977259712622446,16,0.9941176470588236,1.0,0.9794117647058823,0.9794117647058823,219102f40cb39b0db6b7c353e822281ff0b02b46def28002f9897e9971c2ca8d,0.42309150006622076,canonical_postflight_pass,False
DA80,42,23,80,1840,0.9823529411764705,0.9823318432805219,0.10512245736903965,0.015491553483640456,0.9974479094585952,24,0.95,1.0,0.9852941176470589,0.9941176470588236,5d1b8569e32c97bc8e5be116d006968d685c8e383b78b4fd8ae0ee9d9efe56a1,0.7324363999068737,canonical_postflight_pass,False
DA80,42,24,80,1920,0.975735294117647,0.9756936553172233,0.14616713435162534,0.02141052427537307,0.9964098359293797,33,0.9323529411764706,0.9970588235294118,0.9852941176470589,0.9882352941176471,b0a278092d263e327c33d6b0fa97263196f5abc045069b9e470a68dfcd95ccbb,0.5641911000711843,canonical_postflight_pass,False
DA80,42,25,80,2000,0.9852941176470589,0.9853025677027257,0.10568670890637297,0.012612167877309443,0.9963229948983473,20,0.9676470588235294,1.0,0.9852941176470589,0.9882352941176471,400668a03fa0403031f31d4c85db48fb2a745444e9d0f99be2c296e6e065c3ad,0.762807699968107,canonical_postflight_pass,False
DA50,42,1,50,50,0.8463235294117647,0.8464871837450161,0.8228275279488461,0.3702362854691113,0.47647878742393324,209,0.8764705882352941,0.8794117647058823,0.6588235294117647,0.9705882352941176,50183eaecc0f5e83933dbd4a661677f2b4973ee199e9bd510fcfaeab5a4c727b,0.8342345000710338,canonical_postflight_pass,False
DA50,42,2,50,100,0.8757352941176471,0.8763278272654816,0.6551639125473052,0.3027455106158467,0.5729897835018004,169,0.8911764705882353,0.8735294117647059,0.7705882352941177,0.9676470588235294,02312a47aa9c32d2882d6c16a54fc674c06e8569d96427a336a34824cbca132b,0.6938153000082821,canonical_postflight_pass,False
DA50,42,3,50,150,0.8654411764705883,0.8666916611710275,0.5806840690380879,0.21817928195437966,0.6472618945162086,183,0.8352941176470589,0.8823529411764706,0.7764705882352941,0.9676470588235294,bb3cfed4dc81283da839b4aba91830274f5d1c16018ad056ef64262781100286,0.4313352999743074,canonical_postflight_pass,False
DA50,42,4,50,200,0.8955882352941177,0.8972146130144554,0.40553126312231813,0.171048860273817,0.7245393750203006,142,0.9352941176470588,0.7911764705882353,0.8705882352941177,0.9852941176470589,7adb2984e844dec6b7650e9ff5594b82fd2078f84960e786c92db19a689b76c3,0.6804287999402732,canonical_postflight_pass,False
DA50,42,5,50,250,0.9066176470588235,0.9067145197860178,0.3050689131586081,0.11625507568173546,0.7968303280060782,127,0.9705882352941176,0.7529411764705882,0.9088235294117647,0.9941176470588236,379197d0d59c398cc302debbfeeb6e6231af10880f4779e571ad500ec72238a1,0.793083900003694,canonical_postflight_pass,False
DA50,42,6,50,300,0.9080882352941176,0.9083903324946001,0.2622797056277608,0.07014837409643564,0.8429768406731241,125,0.9676470588235294,0.7823529411764706,0.8852941176470588,0.9970588235294118,c70f650566eba907da8e10f509e9b56981866967f92a1544c180329206d4c1e4,1.6989096999168396,canonical_postflight_pass,False
DA50,42,7,50,350,0.9169117647058823,0.917073173365641,0.22693635924699174,0.05082149426726734,0.8805837252122515,113,0.9794117647058823,0.788235294117647,0.9176470588235294,0.9823529411764705,616e84cf9c0da955745a036ca49c9857c42343636e3a650c90972dbe3b395ac1,0.8314266999950632,canonical_postflight_pass,False
DA50,42,8,50,400,0.9147058823529411,0.9149678742514571,0.19792911753676784,0.04487740752451561,0.9091086040086606,116,0.9823529411764705,0.7911764705882353,0.9,0.9852941176470589,6d4672af6498a9fc8d3e563349fa184fa5e3e68d7f1d407e4f1bf935cf2d4693,1.1195188999408856,canonical_postflight_pass,False
DA50,42,9,50,450,0.9220588235294118,0.9219964765720969,0.1962658082276244,0.027735218953560365,0.9319350224426564,106,0.9852941176470589,0.8264705882352941,0.8970588235294118,0.9794117647058823,a479b42dc18b26525bad1f9d877a3afc8a4e11b7ba03cd26d4f97289d651e1ec,0.7436814000830054,canonical_postflight_pass,False
DA50,42,10,50,500,0.9360294117647059,0.9363668582306848,0.1634903697468981,0.023957632876494356,0.9453731954536018,87,0.9676470588235294,0.8852941176470588,0.8970588235294118,0.9941176470588236,250831709d7a98bc646c86fff3a1006a730e9b582c88acace74cf800b0d9a428,0.6935406998964027,canonical_postflight_pass,False
DA50,42,11,50,550,0.9441176470588235,0.9445267810399548,0.14746725611223294,0.020716374498956386,0.9542406951679903,76,0.9705882352941176,0.9029411764705882,0.9117647058823529,0.9911764705882353,da5046b7940074d55237d54009afc2bb3e1865b2cd67eba2fef31398cbfed422,0.8132755999686196,canonical_postflight_pass,False
DA50,42,12,50,600,0.9514705882352941,0.9517383735601691,0.12725066268346016,0.019849821289672526,0.9635809962144669,66,0.9764705882352941,0.9176470588235294,0.9176470588235294,0.9941176470588236,3ab09d0ae377e5c9178b6822cf463d75292c5c1fd4c497b44f0f28313ad9033f,0.5428388000000268,canonical_postflight_pass,False
DA50,42,13,50,650,0.9566176470588236,0.95694113719409,0.12370024812215356,0.02006793775979207,0.9669207945466042,59,0.9588235294117647,0.9411764705882353,0.9323529411764706,0.9941176470588236,a79ac403ca693a363866f47b9bc6560bfdfd1a6fd840bb235a372ce1d54cb6d6,0.8368918000487611,canonical_postflight_pass,False
DA50,42,14,50,700,0.9625,0.9627305525518096,0.10998067660526213,0.011377008807133193,0.9722155828905457,51,0.9647058823529412,0.9441176470588235,0.9470588235294117,0.9941176470588236,efdce8277db02c15a37188c9a8fd079597018793fd34a0a4d38c1eae283e7b72,0.770794800017029,canonical_postflight_pass,False
DA50,42,15,50,750,0.9705882352941176,0.970721555263121,0.09815194249088313,0.009171264487154374,0.9776068494600408,40,0.9764705882352941,0.9676470588235294,0.9441176470588235,0.9941176470588236,e9f68914158f4ea6286820ef3e4ab3f982f7ee81a027c23f6aa8eccc52ccb434,0.34832969994749874,canonical_postflight_pass,False
DA50,42,16,50,800,0.9772058823529411,0.9771992755206163,0.08827101691535713,0.009075212303329944,0.9816724011126686,31,0.9970588235294118,0.9588235294117647,0.961764705882353,0.9911764705882353,57524e3863e8adfb00361364d134d7c53594fd1552f15fd17e65786ee5f44327,0.9894969000015408,canonical_postflight_pass,False
DA50,42,17,50,850,0.9772058823529411,0.9773280748110511,0.0913305678350749,0.00868650280377447,0.9821542417301851,31,0.9852941176470589,0.9529411764705882,0.9794117647058823,0.9911764705882353,ca3af978b7ec5ece7cc3995a1c2f69c016a8cec2d783d84952d1e4f17a3d1aa2,0.6077361000934616,canonical_postflight_pass,False
DA50,42,18,50,900,0.9808823529411764,0.9809635584572222,0.06946890236302536,0.008498357411693193,0.9858074740451925,26,0.9823529411764705,0.9764705882352941,0.9705882352941176,0.9941176470588236,28a10c429a469e5ec38773fc2c44acdd71f5aaeccb51a38145f91aff92f3cd16,0.411185699980706,canonical_postflight_pass,False
DA50,42,19,50,950,0.9772058823529411,0.9771265274568941,0.10215323552286525,0.014389841170871987,0.9879163356388316,31,0.9970588235294118,0.9382352941176471,0.9823529411764705,0.9911764705882353,95a2d64093325e82a0a170bace6796b176966f261b1d065321b131964c2a2134,0.7966439999872819,canonical_postflight_pass,False
DA50,42,20,50,1000,0.9838235294117647,0.9838822579811192,0.0763288463123332,0.010340374138425413,0.9908294928862768,22,0.9823529411764705,0.9852941176470589,0.9764705882352941,0.9911764705882353,014560e82d86406710af7260517131b8020dc2c3d494949aee700d6c360f2d38,0.8894445999758318,canonical_postflight_pass,False
DA50,42,21,50,1050,0.9742647058823529,0.9744497106302437,0.11576227338552708,0.018835342719274444,0.9903434489579762,35,0.9558823529411765,0.9852941176470589,0.9764705882352941,0.9794117647058823,c90d8f76202872c811c56ad9dd6b26266391dfa8fb929ff0efee40adb5de40cd,0.422206399962306,canonical_postflight_pass,False
DA50,42,22,50,1100,0.9794117647058823,0.9794746344730246,0.10696639936951306,0.014008017717038811,0.9902742391561761,28,0.9794117647058823,0.9941176470588236,0.9647058823529412,0.9794117647058823,781eba160593e648e0b3804ab3ca12f938da0d2cb305317863e36b04ac38b539,1.0947201999370009,canonical_postflight_pass,False
DA50,42,23,50,1150,0.9852941176470589,0.985344912473077,0.10229550721652905,0.010844964380649892,0.9947764271103284,20,0.9882352941176471,0.9911764705882353,0.9823529411764705,0.9794117647058823,b07cc6f9e046670fdddc8cd2dd67f1df3b0d4594cb39e4fadad81c763280d2c7,0.6542255999520421,canonical_postflight_pass,False
DA50,42,24,50,1200,0.9838235294117647,0.9839188774480988,0.10565426220172577,0.013351082845645802,0.9942321514820351,22,0.9794117647058823,0.9911764705882353,0.9852941176470589,0.9794117647058823,0ef0aa6cae6b35aca28fb4c5e5e2e973d3b47776bf59daf51a9182ea61c49d27,0.5932458000024781,canonical_postflight_pass,False
DA50,42,25,50,1250,0.975,0.9750870787155574,0.14588615963779256,0.019382179616128713,0.99308658667347,34,0.9470588235294117,0.9941176470588236,0.9823529411764705,0.9764705882352941,9f7c1e522e000961f11f06c28d692bc9e9afa431b9544a8519050fb680f33d80,0.7662092000246048,canonical_postflight_pass,False
DA30,42,1,30,30,0.8352941176470589,0.8351018635269307,0.8666306889562241,0.37533042049583265,0.45996369715122615,224,0.85,0.8647058823529412,0.6647058823529411,0.961764705882353,929a572fb21d9d49cbb8398178758b18db1a4064fbefa3744afa458b92506ad5,0.5025788999628276,blocked_observability_contract_technical_result_only,False
DA30,42,2,30,60,0.8639705882352942,0.8650000662183459,0.6972654096438623,0.30655313995392885,0.5574174482813653,185,0.8558823529411764,0.9117647058823529,0.7382352941176471,0.95,50aa4f0ba3a2314fbc01859c32c4e90c7708f36206c61f6b3b2faba76f5b22d7,0.42072539997752756,blocked_observability_contract_technical_result_only,False
DA30,42,3,30,90,0.8683823529411765,0.8688518797634328,0.5707506833760024,0.22715421303668443,0.641228139904492,179,0.9,0.7382352941176471,0.8647058823529412,0.9705882352941176,70179563f25f55dfdb31d26cc48723444d04a3b6e93587d5991aa47e25e9a83a,1.0371242000255734,blocked_observability_contract_technical_result_only,False
DA30,42,4,30,120,0.8661764705882353,0.8676576892024774,0.47860479246982873,0.15655600156854182,0.7125637655310771,182,0.8794117647058823,0.7294117647058823,0.9,0.9558823529411765,01905584582d6fc5f428c147ee6f4ab1012c78fa43fe8fdf3ccdc563210b020d,0.7040434000082314,blocked_observability_contract_technical_result_only,False
DA30,42,5,30,150,0.8529411764705882,0.8516469911799239,0.42010355103446756,0.09743674649473494,0.7814502212711993,200,0.9117647058823529,0.6147058823529412,0.9147058823529411,0.9705882352941176,78ebe44cfb19126806a95fa5855b8ebd27b3dbf761b16c3e8ebeebd417eea669,0.43262800003867596,blocked_observability_contract_technical_result_only,False
DA30,42,6,30,180,0.861764705882353,0.8625750371732038,0.36801790848915716,0.07596774850698079,0.8295564469169168,188,0.9117647058823529,0.6617647058823529,0.9147058823529411,0.9588235294117647,3c62be39057c72c0c7659f6644c833151568b6cb640ff6d67c36b9aa696002e2,0.6409197000321001,blocked_observability_contract_technical_result_only,False
DA30,42,7,30,210,0.8632352941176471,0.8645871885866614,0.34818399738332273,0.05324810230556658,0.863492659172591,186,0.8941176470588236,0.6735294117647059,0.9205882352941176,0.9647058823529412,a7a4fc7ab78ddf1a42734311da6c43dd916b5a045921d1a2a01e3404c6b7f40b,0.5916465999325737,blocked_observability_contract_technical_result_only,False
DA30,42,8,30,240,0.8948529411764706,0.8958389326154401,0.26893187398727086,0.03923069372334903,0.8955659872687914,143,0.9294117647058824,0.7735294117647059,0.9029411764705882,0.9735294117647059,36c760ab1f60f50633c0c7bb56bd43b34855a8e4c2c1717d5ccfc0aa088f0e1a,0.48062380007468164,blocked_observability_contract_technical_result_only,False
DA30,42,9,30,270,0.9125,0.9129102376696161,0.2380298109205344,0.03753747856792281,0.9153833796434543,119,0.961764705882353,0.8294117647058824,0.8647058823529412,0.9941176470588236,c280c5b6400eceee5e71ce16fb20828c3ba14c7f105621e81bc2ecfea28fa15c,0.6757093999767676,blocked_observability_contract_technical_result_only,False
DA30,42,10,30,300,0.913235294117647,0.9118549204810387,0.26227432848581467,0.021554423101684605,0.9347897172193317,118,0.9823529411764705,0.7970588235294118,0.8852941176470588,0.9882352941176471,654168f6343b9b1240d6a5e2f2f37547c5b39cdea3517c94b102254bd6629f3d,1.426861000014469,blocked_observability_contract_technical_result_only,False
DA30,42,11,30,330,0.9338235294117647,0.9344024997370263,0.17476575144189496,0.027266050765619554,0.9499784636804286,90,0.9470588235294117,0.8970588235294118,0.8970588235294118,0.9941176470588236,074e9517748c0bf35950f1f7fba28d6af3ecc329099106c5b8abbd0c5c04782a,1.2042052999604493,blocked_observability_contract_technical_result_only,False
DA30,42,12,30,360,0.9397058823529412,0.9403494784663119,0.1716947732707735,0.01992523260414603,0.958729514194762,82,0.95,0.8823529411764706,0.9323529411764706,0.9941176470588236,10b28f8b3eadc4c7b67c3846b40f5d23de24cdaf173ec0c84f3d446e613cce22,0.46268350002355874,blocked_observability_contract_technical_result_only,False
DA30,42,13,30,390,0.9330882352941177,0.9336276790622555,0.20094295554160532,0.03133720950606992,0.961489059184404,91,0.9029411764705882,0.9029411764705882,0.9294117647058824,0.9970588235294118,700d57dcfa9ea5141f93df3335604639df146c835b75609e6f347dc6ff208d83,0.4095499999821186,blocked_observability_contract_technical_result_only,False
DA30,42,14,30,420,0.9595588235294118,0.9598242141805442,0.14143118087324164,0.016952151213498676,0.9737858262351331,55,0.9352941176470588,0.9647058823529412,0.9411764705882353,0.9970588235294118,43263c298393d8e3c7f4ae3599192ebfd426016a9b0e80f0f4b03a4d1f1f273a,1.0601722999708727,blocked_observability_contract_technical_result_only,False
DA30,42,15,30,450,0.9727941176470588,0.9729205471146581,0.09106703816583783,0.009761902887155092,0.9770352057893487,37,0.9735294117647059,0.9647058823529412,0.961764705882353,0.9911764705882353,6d8651785ee9956cd6f799e4633a84735e7cf57d154dda61c3cf12420a4a7c1c,0.6674591000191867,blocked_observability_contract_technical_result_only,False
DA30,42,16,30,480,0.9632352941176471,0.9630819290393828,0.13803896446637878,0.019019026068203576,0.978346236378831,50,0.9676470588235294,0.9147058823529411,0.9735294117647059,0.9970588235294118,3fd403b8b1d2b3f3c84137844d900c01c7a46ce0e7309bc1ff77c1f020321025,0.6486951999831945,blocked_observability_contract_technical_result_only,False
DA30,42,17,30,510,0.9808823529411764,0.9809144507662002,0.07661397546246446,0.006237821565831311,0.984033621168312,26,0.9794117647058823,0.9941176470588236,0.9588235294117647,0.9911764705882353,ec49c3cf9899939770d942244106078c67d4162c791e2f72c20f8839c5549880,0.695911500020884,blocked_observability_contract_technical_result_only,False
DA30,42,18,30,540,0.9742647058823529,0.9743338008987527,0.10412224478933517,0.0131393772276009,0.984145164533573,35,0.95,0.9911764705882353,0.961764705882353,0.9941176470588236,ac715664ef2919337b6ea4e46fc02ffdd9452be2f04c0f4de998d8f0558d2ba1,0.6477913999697194,blocked_observability_contract_technical_result_only,False
DA30,42,19,30,570,0.9808823529411764,0.9809063468999115,0.08566901502504574,0.011458346160019176,0.9871211406062631,26,0.9647058823529412,0.9911764705882353,0.9764705882352941,0.9911764705882353,26eeddfb91c8bc4f30688b93042861043d35b69c32ce17aa269d6ecbe765ca36,0.5467995000071824,blocked_observability_contract_technical_result_only,False
DA30,42,20,30,600,0.9852941176470589,0.9853081779414017,0.06804715859960178,0.007690150203073813,0.9882489927989595,20,0.9852941176470589,0.9941176470588236,0.9705882352941176,0.9911764705882353,31fec7839954d5348e131b4efd064cd9dc0ba922b5ce1707e915aaf0c31b8056,0.8398960999911651,blocked_observability_contract_technical_result_only,False
DA30,42,21,30,630,0.9823529411764705,0.9823902904875674,0.07835331985272896,0.010031766159569477,0.9898794146364226,24,0.9705882352941176,0.9911764705882353,0.9735294117647059,0.9941176470588236,7c73b3170ade759e49d72527f8c6a92a881fd6db0281c2cce41d2722cd95ce0a,0.5775305000133812,blocked_observability_contract_technical_result_only,False
DA30,42,22,30,660,0.9860294117647059,0.9860406754736593,0.07167824918140868,0.009307640440323785,0.9906467677915798,19,0.9823529411764705,0.9970588235294118,0.9764705882352941,0.9882352941176471,031584b8906ab726819bb1e657e84ae8ef8e54736e412bbabd9a5790059a6694,0.5311246999772266,blocked_observability_contract_technical_result_only,False
DA30,42,23,30,690,0.9772058823529411,0.9771973369129546,0.1098297446765142,0.015744028810192608,0.9901233359294779,31,0.9970588235294118,0.9382352941176471,0.9823529411764705,0.9911764705882353,a610db6bed8823dd1f3909fe50f2061fcc868fd1a7fb0314348d53fe8090a1c0,0.7823635000968352,blocked_observability_contract_technical_result_only,False
DA30,42,24,30,720,0.9882352941176471,0.9882360872556492,0.060175635940635804,0.007957114629885752,0.9909415785004111,16,0.9941176470588236,0.9764705882352941,0.9882352941176471,0.9941176470588236,95082c72256f081111b6537d39da525e2e40164df2ca997f7050696c0a7b43f5,0.834324200055562,blocked_observability_contract_technical_result_only,False
DA30,42,25,30,750,0.9860294117647059,0.9860525311861753,0.07212931245957636,0.007258776356192202,0.9923557999379494,19,0.9764705882352941,0.9882352941176471,0.9852941176470589,0.9941176470588236,203612c88ba9ed839ee8876dfc347ad9ac18e5b05f60da888b1ab9c7caa197df,0.594490300049074,blocked_observability_contract_technical_result_only,False
