step,method,source_ce,raw_alignment,weighted_alignment,total_loss,alignment_scope,active_alignment,target_fields,target_label_object_present,target_ce_status,class_conditional_status,phase_conditional_status,concentration_status,pseudo_label_status,dann_objective,optimizer,optimizer_lr,alignment_weight,source_checkpoint_ordered_fingerprint
1,dann,0.008013119921088219,0.6971043348312378,0.3485521674156189,0.35656529664993286,unconditional_global,dann,['x'],False,UNAVAILABLE,UNAVAILABLE,UNAVAILABLE,UNAVAILABLE,DISABLED,GRL_binary_BCE,Adam,0.0005,0.5,c0379777c63c7a5b0910e5d2ab8a1c37869692db14fd940e0a86778c9f5a1769
2,dann,0.014586628414690495,0.6983330249786377,0.34916651248931885,0.36375313997268677,unconditional_global,dann,['x'],False,UNAVAILABLE,UNAVAILABLE,UNAVAILABLE,UNAVAILABLE,DISABLED,GRL_binary_BCE,Adam,0.0005,0.5,c0379777c63c7a5b0910e5d2ab8a1c37869692db14fd940e0a86778c9f5a1769
3,dann,0.0029453637544065714,0.6985867023468018,0.3492933511734009,0.3522387146949768,unconditional_global,dann,['x'],False,UNAVAILABLE,UNAVAILABLE,UNAVAILABLE,UNAVAILABLE,DISABLED,GRL_binary_BCE,Adam,0.0005,0.5,c0379777c63c7a5b0910e5d2ab8a1c37869692db14fd940e0a86778c9f5a1769
4,dann,0.004185382276773453,0.6969566345214844,0.3484783172607422,0.35266369581222534,unconditional_global,dann,['x'],False,UNAVAILABLE,UNAVAILABLE,UNAVAILABLE,UNAVAILABLE,DISABLED,GRL_binary_BCE,Adam,0.0005,0.5,c0379777c63c7a5b0910e5d2ab8a1c37869692db14fd940e0a86778c9f5a1769
5,dann,0.0029029049910604954,0.696709930896759,0.3483549654483795,0.351257860660553,unconditional_global,dann,['x'],False,UNAVAILABLE,UNAVAILABLE,UNAVAILABLE,UNAVAILABLE,DISABLED,GRL_binary_BCE,Adam,0.0005,0.5,c0379777c63c7a5b0910e5d2ab8a1c37869692db14fd940e0a86778c9f5a1769
6,dann,0.0027611018158495426,0.6962926983833313,0.34814634919166565,0.35090744495391846,unconditional_global,dann,['x'],False,UNAVAILABLE,UNAVAILABLE,UNAVAILABLE,UNAVAILABLE,DISABLED,GRL_binary_BCE,Adam,0.0005,0.5,c0379777c63c7a5b0910e5d2ab8a1c37869692db14fd940e0a86778c9f5a1769
7,dann,0.0034734804648905993,0.696842610836029,0.3484213054180145,0.3518947958946228,unconditional_global,dann,['x'],False,UNAVAILABLE,UNAVAILABLE,UNAVAILABLE,UNAVAILABLE,DISABLED,GRL_binary_BCE,Adam,0.0005,0.5,c0379777c63c7a5b0910e5d2ab8a1c37869692db14fd940e0a86778c9f5a1769
8,dann,0.20257951319217682,0.6983984708786011,0.34919923543930054,0.5517787337303162,unconditional_global,dann,['x'],False,UNAVAILABLE,UNAVAILABLE,UNAVAILABLE,UNAVAILABLE,DISABLED,GRL_binary_BCE,Adam,0.0005,0.5,c0379777c63c7a5b0910e5d2ab8a1c37869692db14fd940e0a86778c9f5a1769
9,dann,0.003933321218937635,0.696403980255127,0.3482019901275635,0.3521353006362915,unconditional_global,dann,['x'],False,UNAVAILABLE,UNAVAILABLE,UNAVAILABLE,UNAVAILABLE,DISABLED,GRL_binary_BCE,Adam,0.0005,0.5,c0379777c63c7a5b0910e5d2ab8a1c37869692db14fd940e0a86778c9f5a1769
10,dann,0.00293237273581326,0.6967604756355286,0.3483802378177643,0.3513126075267792,unconditional_global,dann,['x'],False,UNAVAILABLE,UNAVAILABLE,UNAVAILABLE,UNAVAILABLE,DISABLED,GRL_binary_BCE,Adam,0.0005,0.5,c0379777c63c7a5b0910e5d2ab8a1c37869692db14fd940e0a86778c9f5a1769
11,dann,0.21270951628684998,0.694159746170044,0.347079873085022,0.5597894191741943,unconditional_global,dann,['x'],False,UNAVAILABLE,UNAVAILABLE,UNAVAILABLE,UNAVAILABLE,DISABLED,GRL_binary_BCE,Adam,0.0005,0.5,c0379777c63c7a5b0910e5d2ab8a1c37869692db14fd940e0a86778c9f5a1769
12,dann,0.0028964218217879534,0.6975714564323425,0.34878572821617126,0.3516821563243866,unconditional_global,dann,['x'],False,UNAVAILABLE,UNAVAILABLE,UNAVAILABLE,UNAVAILABLE,DISABLED,GRL_binary_BCE,Adam,0.0005,0.5,c0379777c63c7a5b0910e5d2ab8a1c37869692db14fd940e0a86778c9f5a1769
13,dann,0.0026916100177913904,0.6967112421989441,0.34835562109947205,0.35104721784591675,unconditional_global,dann,['x'],False,UNAVAILABLE,UNAVAILABLE,UNAVAILABLE,UNAVAILABLE,DISABLED,GRL_binary_BCE,Adam,0.0005,0.5,c0379777c63c7a5b0910e5d2ab8a1c37869692db14fd940e0a86778c9f5a1769
14,dann,0.002515425905585289,0.6955340504646301,0.34776702523231506,0.3502824604511261,unconditional_global,dann,['x'],False,UNAVAILABLE,UNAVAILABLE,UNAVAILABLE,UNAVAILABLE,DISABLED,GRL_binary_BCE,Adam,0.0005,0.5,c0379777c63c7a5b0910e5d2ab8a1c37869692db14fd940e0a86778c9f5a1769
15,dann,0.0022767474874854088,0.6947183012962341,0.34735915064811707,0.34963589906692505,unconditional_global,dann,['x'],False,UNAVAILABLE,UNAVAILABLE,UNAVAILABLE,UNAVAILABLE,DISABLED,GRL_binary_BCE,Adam,0.0005,0.5,c0379777c63c7a5b0910e5d2ab8a1c37869692db14fd940e0a86778c9f5a1769
16,dann,0.00246917805634439,0.695893406867981,0.3479467034339905,0.3504158854484558,unconditional_global,dann,['x'],False,UNAVAILABLE,UNAVAILABLE,UNAVAILABLE,UNAVAILABLE,DISABLED,GRL_binary_BCE,Adam,0.0005,0.5,c0379777c63c7a5b0910e5d2ab8a1c37869692db14fd940e0a86778c9f5a1769
17,dann,0.22322408854961395,0.6923942565917969,0.34619712829589844,0.5694212317466736,unconditional_global,dann,['x'],False,UNAVAILABLE,UNAVAILABLE,UNAVAILABLE,UNAVAILABLE,DISABLED,GRL_binary_BCE,Adam,0.0005,0.5,c0379777c63c7a5b0910e5d2ab8a1c37869692db14fd940e0a86778c9f5a1769
18,dann,0.002371776383370161,0.6938452124595642,0.3469226062297821,0.34929439425468445,unconditional_global,dann,['x'],False,UNAVAILABLE,UNAVAILABLE,UNAVAILABLE,UNAVAILABLE,DISABLED,GRL_binary_BCE,Adam,0.0005,0.5,c0379777c63c7a5b0910e5d2ab8a1c37869692db14fd940e0a86778c9f5a1769
19,dann,0.002304840600118041,0.6955540180206299,0.34777700901031494,0.3500818610191345,unconditional_global,dann,['x'],False,UNAVAILABLE,UNAVAILABLE,UNAVAILABLE,UNAVAILABLE,DISABLED,GRL_binary_BCE,Adam,0.0005,0.5,c0379777c63c7a5b0910e5d2ab8a1c37869692db14fd940e0a86778c9f5a1769
20,dann,0.002980069490149617,0.6954613327980042,0.3477306663990021,0.35071074962615967,unconditional_global,dann,['x'],False,UNAVAILABLE,UNAVAILABLE,UNAVAILABLE,UNAVAILABLE,DISABLED,GRL_binary_BCE,Adam,0.0005,0.5,c0379777c63c7a5b0910e5d2ab8a1c37869692db14fd940e0a86778c9f5a1769
21,dann,0.0029628195334225893,0.6943608522415161,0.34718042612075806,0.3501432538032532,unconditional_global,dann,['x'],False,UNAVAILABLE,UNAVAILABLE,UNAVAILABLE,UNAVAILABLE,DISABLED,GRL_binary_BCE,Adam,0.0005,0.5,c0379777c63c7a5b0910e5d2ab8a1c37869692db14fd940e0a86778c9f5a1769
22,dann,0.004370775073766708,0.6917579174041748,0.3458789587020874,0.3502497375011444,unconditional_global,dann,['x'],False,UNAVAILABLE,UNAVAILABLE,UNAVAILABLE,UNAVAILABLE,DISABLED,GRL_binary_BCE,Adam,0.0005,0.5,c0379777c63c7a5b0910e5d2ab8a1c37869692db14fd940e0a86778c9f5a1769
23,dann,0.002817427273839712,0.6930178999900818,0.3465089499950409,0.34932637214660645,unconditional_global,dann,['x'],False,UNAVAILABLE,UNAVAILABLE,UNAVAILABLE,UNAVAILABLE,DISABLED,GRL_binary_BCE,Adam,0.0005,0.5,c0379777c63c7a5b0910e5d2ab8a1c37869692db14fd940e0a86778c9f5a1769
24,dann,0.004085150547325611,0.6943803429603577,0.34719017148017883,0.35127532482147217,unconditional_global,dann,['x'],False,UNAVAILABLE,UNAVAILABLE,UNAVAILABLE,UNAVAILABLE,DISABLED,GRL_binary_BCE,Adam,0.0005,0.5,c0379777c63c7a5b0910e5d2ab8a1c37869692db14fd940e0a86778c9f5a1769
25,dann,0.0024716556072235107,0.6958434581756592,0.3479217290878296,0.3503933846950531,unconditional_global,dann,['x'],False,UNAVAILABLE,UNAVAILABLE,UNAVAILABLE,UNAVAILABLE,DISABLED,GRL_binary_BCE,Adam,0.0005,0.5,c0379777c63c7a5b0910e5d2ab8a1c37869692db14fd940e0a86778c9f5a1769
26,dann,0.002617691643536091,0.6941418647766113,0.34707093238830566,0.3496886193752289,unconditional_global,dann,['x'],False,UNAVAILABLE,UNAVAILABLE,UNAVAILABLE,UNAVAILABLE,DISABLED,GRL_binary_BCE,Adam,0.0005,0.5,c0379777c63c7a5b0910e5d2ab8a1c37869692db14fd940e0a86778c9f5a1769
27,dann,0.0035102479159832,0.6901405453681946,0.3450702726840973,0.3485805094242096,unconditional_global,dann,['x'],False,UNAVAILABLE,UNAVAILABLE,UNAVAILABLE,UNAVAILABLE,DISABLED,GRL_binary_BCE,Adam,0.0005,0.5,c0379777c63c7a5b0910e5d2ab8a1c37869692db14fd940e0a86778c9f5a1769
28,dann,0.0036736265756189823,0.6934301257133484,0.3467150628566742,0.35038867592811584,unconditional_global,dann,['x'],False,UNAVAILABLE,UNAVAILABLE,UNAVAILABLE,UNAVAILABLE,DISABLED,GRL_binary_BCE,Adam,0.0005,0.5,c0379777c63c7a5b0910e5d2ab8a1c37869692db14fd940e0a86778c9f5a1769
29,dann,0.004076116252690554,0.6928871273994446,0.3464435636997223,0.35051968693733215,unconditional_global,dann,['x'],False,UNAVAILABLE,UNAVAILABLE,UNAVAILABLE,UNAVAILABLE,DISABLED,GRL_binary_BCE,Adam,0.0005,0.5,c0379777c63c7a5b0910e5d2ab8a1c37869692db14fd940e0a86778c9f5a1769
30,dann,0.003004485508427024,0.6927847266197205,0.34639236330986023,0.34939685463905334,unconditional_global,dann,['x'],False,UNAVAILABLE,UNAVAILABLE,UNAVAILABLE,UNAVAILABLE,DISABLED,GRL_binary_BCE,Adam,0.0005,0.5,c0379777c63c7a5b0910e5d2ab8a1c37869692db14fd940e0a86778c9f5a1769
31,dann,0.15714579820632935,0.6909913420677185,0.34549567103385925,0.5026414394378662,unconditional_global,dann,['x'],False,UNAVAILABLE,UNAVAILABLE,UNAVAILABLE,UNAVAILABLE,DISABLED,GRL_binary_BCE,Adam,0.0005,0.5,c0379777c63c7a5b0910e5d2ab8a1c37869692db14fd940e0a86778c9f5a1769
32,dann,0.002839302644133568,0.6942366361618042,0.3471183180809021,0.3499576151371002,unconditional_global,dann,['x'],False,UNAVAILABLE,UNAVAILABLE,UNAVAILABLE,UNAVAILABLE,DISABLED,GRL_binary_BCE,Adam,0.0005,0.5,c0379777c63c7a5b0910e5d2ab8a1c37869692db14fd940e0a86778c9f5a1769
33,dann,0.0025107276160269976,0.6934603452682495,0.34673017263412476,0.34924089908599854,unconditional_global,dann,['x'],False,UNAVAILABLE,UNAVAILABLE,UNAVAILABLE,UNAVAILABLE,DISABLED,GRL_binary_BCE,Adam,0.0005,0.5,c0379777c63c7a5b0910e5d2ab8a1c37869692db14fd940e0a86778c9f5a1769
34,dann,0.0024259767960757017,0.6937792897224426,0.3468896448612213,0.3493156135082245,unconditional_global,dann,['x'],False,UNAVAILABLE,UNAVAILABLE,UNAVAILABLE,UNAVAILABLE,DISABLED,GRL_binary_BCE,Adam,0.0005,0.5,c0379777c63c7a5b0910e5d2ab8a1c37869692db14fd940e0a86778c9f5a1769
35,dann,0.002238535787910223,0.6939411759376526,0.3469705879688263,0.34920912981033325,unconditional_global,dann,['x'],False,UNAVAILABLE,UNAVAILABLE,UNAVAILABLE,UNAVAILABLE,DISABLED,GRL_binary_BCE,Adam,0.0005,0.5,c0379777c63c7a5b0910e5d2ab8a1c37869692db14fd940e0a86778c9f5a1769
36,dann,0.002210211008787155,0.6928672790527344,0.3464336395263672,0.34864383935928345,unconditional_global,dann,['x'],False,UNAVAILABLE,UNAVAILABLE,UNAVAILABLE,UNAVAILABLE,DISABLED,GRL_binary_BCE,Adam,0.0005,0.5,c0379777c63c7a5b0910e5d2ab8a1c37869692db14fd940e0a86778c9f5a1769
37,dann,0.2081831395626068,0.6874637007713318,0.3437318503856659,0.5519149899482727,unconditional_global,dann,['x'],False,UNAVAILABLE,UNAVAILABLE,UNAVAILABLE,UNAVAILABLE,DISABLED,GRL_binary_BCE,Adam,0.0005,0.5,c0379777c63c7a5b0910e5d2ab8a1c37869692db14fd940e0a86778c9f5a1769
38,dann,0.002471187151968479,0.695862889289856,0.347931444644928,0.3504026234149933,unconditional_global,dann,['x'],False,UNAVAILABLE,UNAVAILABLE,UNAVAILABLE,UNAVAILABLE,DISABLED,GRL_binary_BCE,Adam,0.0005,0.5,c0379777c63c7a5b0910e5d2ab8a1c37869692db14fd940e0a86778c9f5a1769
39,dann,0.0026238402351737022,0.6914038062095642,0.3457019031047821,0.3483257293701172,unconditional_global,dann,['x'],False,UNAVAILABLE,UNAVAILABLE,UNAVAILABLE,UNAVAILABLE,DISABLED,GRL_binary_BCE,Adam,0.0005,0.5,c0379777c63c7a5b0910e5d2ab8a1c37869692db14fd940e0a86778c9f5a1769
40,dann,0.0027358345687389374,0.691261351108551,0.3456306755542755,0.34836649894714355,unconditional_global,dann,['x'],False,UNAVAILABLE,UNAVAILABLE,UNAVAILABLE,UNAVAILABLE,DISABLED,GRL_binary_BCE,Adam,0.0005,0.5,c0379777c63c7a5b0910e5d2ab8a1c37869692db14fd940e0a86778c9f5a1769
41,dann,0.003343478310853243,0.6899963021278381,0.34499815106391907,0.3483416438102722,unconditional_global,dann,['x'],False,UNAVAILABLE,UNAVAILABLE,UNAVAILABLE,UNAVAILABLE,DISABLED,GRL_binary_BCE,Adam,0.0005,0.5,c0379777c63c7a5b0910e5d2ab8a1c37869692db14fd940e0a86778c9f5a1769
42,dann,0.20003168284893036,0.6902627944946289,0.34513139724731445,0.545163094997406,unconditional_global,dann,['x'],False,UNAVAILABLE,UNAVAILABLE,UNAVAILABLE,UNAVAILABLE,DISABLED,GRL_binary_BCE,Adam,0.0005,0.5,c0379777c63c7a5b0910e5d2ab8a1c37869692db14fd940e0a86778c9f5a1769
43,dann,0.003031566273421049,0.6876355409622192,0.3438177704811096,0.34684932231903076,unconditional_global,dann,['x'],False,UNAVAILABLE,UNAVAILABLE,UNAVAILABLE,UNAVAILABLE,DISABLED,GRL_binary_BCE,Adam,0.0005,0.5,c0379777c63c7a5b0910e5d2ab8a1c37869692db14fd940e0a86778c9f5a1769
44,dann,0.19535914063453674,0.6921402215957642,0.3460701107978821,0.5414292812347412,unconditional_global,dann,['x'],False,UNAVAILABLE,UNAVAILABLE,UNAVAILABLE,UNAVAILABLE,DISABLED,GRL_binary_BCE,Adam,0.0005,0.5,c0379777c63c7a5b0910e5d2ab8a1c37869692db14fd940e0a86778c9f5a1769
45,dann,0.003077857894822955,0.6968345046043396,0.3484172523021698,0.3514951169490814,unconditional_global,dann,['x'],False,UNAVAILABLE,UNAVAILABLE,UNAVAILABLE,UNAVAILABLE,DISABLED,GRL_binary_BCE,Adam,0.0005,0.5,c0379777c63c7a5b0910e5d2ab8a1c37869692db14fd940e0a86778c9f5a1769
46,dann,0.0027350482996553183,0.6892212629318237,0.34461063146591187,0.3473456799983978,unconditional_global,dann,['x'],False,UNAVAILABLE,UNAVAILABLE,UNAVAILABLE,UNAVAILABLE,DISABLED,GRL_binary_BCE,Adam,0.0005,0.5,c0379777c63c7a5b0910e5d2ab8a1c37869692db14fd940e0a86778c9f5a1769
47,dann,0.17933519184589386,0.693202018737793,0.3466010093688965,0.5259361863136292,unconditional_global,dann,['x'],False,UNAVAILABLE,UNAVAILABLE,UNAVAILABLE,UNAVAILABLE,DISABLED,GRL_binary_BCE,Adam,0.0005,0.5,c0379777c63c7a5b0910e5d2ab8a1c37869692db14fd940e0a86778c9f5a1769
48,dann,0.1791376769542694,0.6901102066040039,0.34505510330200195,0.5241928100585938,unconditional_global,dann,['x'],False,UNAVAILABLE,UNAVAILABLE,UNAVAILABLE,UNAVAILABLE,DISABLED,GRL_binary_BCE,Adam,0.0005,0.5,c0379777c63c7a5b0910e5d2ab8a1c37869692db14fd940e0a86778c9f5a1769
49,dann,0.0038236617110669613,0.6881179809570312,0.3440589904785156,0.3478826582431793,unconditional_global,dann,['x'],False,UNAVAILABLE,UNAVAILABLE,UNAVAILABLE,UNAVAILABLE,DISABLED,GRL_binary_BCE,Adam,0.0005,0.5,c0379777c63c7a5b0910e5d2ab8a1c37869692db14fd940e0a86778c9f5a1769
50,dann,0.003046782687306404,0.6899418830871582,0.3449709415435791,0.34801772236824036,unconditional_global,dann,['x'],False,UNAVAILABLE,UNAVAILABLE,UNAVAILABLE,UNAVAILABLE,DISABLED,GRL_binary_BCE,Adam,0.0005,0.5,c0379777c63c7a5b0910e5d2ab8a1c37869692db14fd940e0a86778c9f5a1769
51,dann,0.0032263477332890034,0.6929441690444946,0.3464720845222473,0.34969842433929443,unconditional_global,dann,['x'],False,UNAVAILABLE,UNAVAILABLE,UNAVAILABLE,UNAVAILABLE,DISABLED,GRL_binary_BCE,Adam,0.0005,0.5,c0379777c63c7a5b0910e5d2ab8a1c37869692db14fd940e0a86778c9f5a1769
52,dann,0.002779821865260601,0.6879653930664062,0.3439826965332031,0.3467625081539154,unconditional_global,dann,['x'],False,UNAVAILABLE,UNAVAILABLE,UNAVAILABLE,UNAVAILABLE,DISABLED,GRL_binary_BCE,Adam,0.0005,0.5,c0379777c63c7a5b0910e5d2ab8a1c37869692db14fd940e0a86778c9f5a1769
53,dann,0.0024753089528530836,0.6911881566047668,0.3455940783023834,0.3480693995952606,unconditional_global,dann,['x'],False,UNAVAILABLE,UNAVAILABLE,UNAVAILABLE,UNAVAILABLE,DISABLED,GRL_binary_BCE,Adam,0.0005,0.5,c0379777c63c7a5b0910e5d2ab8a1c37869692db14fd940e0a86778c9f5a1769
54,dann,0.0026229717768728733,0.6890658140182495,0.34453290700912476,0.3471558690071106,unconditional_global,dann,['x'],False,UNAVAILABLE,UNAVAILABLE,UNAVAILABLE,UNAVAILABLE,DISABLED,GRL_binary_BCE,Adam,0.0005,0.5,c0379777c63c7a5b0910e5d2ab8a1c37869692db14fd940e0a86778c9f5a1769
55,dann,0.002233150415122509,0.6944073438644409,0.34720367193222046,0.34943681955337524,unconditional_global,dann,['x'],False,UNAVAILABLE,UNAVAILABLE,UNAVAILABLE,UNAVAILABLE,DISABLED,GRL_binary_BCE,Adam,0.0005,0.5,c0379777c63c7a5b0910e5d2ab8a1c37869692db14fd940e0a86778c9f5a1769
56,dann,0.002229125937446952,0.6856904029846191,0.34284520149230957,0.345074325799942,unconditional_global,dann,['x'],False,UNAVAILABLE,UNAVAILABLE,UNAVAILABLE,UNAVAILABLE,DISABLED,GRL_binary_BCE,Adam,0.0005,0.5,c0379777c63c7a5b0910e5d2ab8a1c37869692db14fd940e0a86778c9f5a1769
57,dann,0.19244682788848877,0.6912399530410767,0.34561997652053833,0.5380668044090271,unconditional_global,dann,['x'],False,UNAVAILABLE,UNAVAILABLE,UNAVAILABLE,UNAVAILABLE,DISABLED,GRL_binary_BCE,Adam,0.0005,0.5,c0379777c63c7a5b0910e5d2ab8a1c37869692db14fd940e0a86778c9f5a1769
58,dann,0.0024787825532257557,0.6925241947174072,0.3462620973587036,0.3487408757209778,unconditional_global,dann,['x'],False,UNAVAILABLE,UNAVAILABLE,UNAVAILABLE,UNAVAILABLE,DISABLED,GRL_binary_BCE,Adam,0.0005,0.5,c0379777c63c7a5b0910e5d2ab8a1c37869692db14fd940e0a86778c9f5a1769
59,dann,0.0026544334832578897,0.6898982524871826,0.3449491262435913,0.34760355949401855,unconditional_global,dann,['x'],False,UNAVAILABLE,UNAVAILABLE,UNAVAILABLE,UNAVAILABLE,DISABLED,GRL_binary_BCE,Adam,0.0005,0.5,c0379777c63c7a5b0910e5d2ab8a1c37869692db14fd940e0a86778c9f5a1769
60,dann,0.005022705532610416,0.6844989061355591,0.34224945306777954,0.3472721576690674,unconditional_global,dann,['x'],False,UNAVAILABLE,UNAVAILABLE,UNAVAILABLE,UNAVAILABLE,DISABLED,GRL_binary_BCE,Adam,0.0005,0.5,c0379777c63c7a5b0910e5d2ab8a1c37869692db14fd940e0a86778c9f5a1769
61,dann,0.005574274808168411,0.6906129121780396,0.3453064560890198,0.3508807420730591,unconditional_global,dann,['x'],False,UNAVAILABLE,UNAVAILABLE,UNAVAILABLE,UNAVAILABLE,DISABLED,GRL_binary_BCE,Adam,0.0005,0.5,c0379777c63c7a5b0910e5d2ab8a1c37869692db14fd940e0a86778c9f5a1769
62,dann,0.16513174772262573,0.6819202899932861,0.34096014499664307,0.5060918927192688,unconditional_global,dann,['x'],False,UNAVAILABLE,UNAVAILABLE,UNAVAILABLE,UNAVAILABLE,DISABLED,GRL_binary_BCE,Adam,0.0005,0.5,c0379777c63c7a5b0910e5d2ab8a1c37869692db14fd940e0a86778c9f5a1769
63,dann,0.06909788399934769,0.6842553019523621,0.34212765097618103,0.4112255275249481,unconditional_global,dann,['x'],False,UNAVAILABLE,UNAVAILABLE,UNAVAILABLE,UNAVAILABLE,DISABLED,GRL_binary_BCE,Adam,0.0005,0.5,c0379777c63c7a5b0910e5d2ab8a1c37869692db14fd940e0a86778c9f5a1769
64,dann,0.07409147918224335,0.6872673034667969,0.34363365173339844,0.417725145816803,unconditional_global,dann,['x'],False,UNAVAILABLE,UNAVAILABLE,UNAVAILABLE,UNAVAILABLE,DISABLED,GRL_binary_BCE,Adam,0.0005,0.5,c0379777c63c7a5b0910e5d2ab8a1c37869692db14fd940e0a86778c9f5a1769
65,dann,0.0028330739587545395,0.6899935007095337,0.34499675035476685,0.34782981872558594,unconditional_global,dann,['x'],False,UNAVAILABLE,UNAVAILABLE,UNAVAILABLE,UNAVAILABLE,DISABLED,GRL_binary_BCE,Adam,0.0005,0.5,c0379777c63c7a5b0910e5d2ab8a1c37869692db14fd940e0a86778c9f5a1769
66,dann,0.026990318670868874,0.6833630800247192,0.3416815400123596,0.36867186427116394,unconditional_global,dann,['x'],False,UNAVAILABLE,UNAVAILABLE,UNAVAILABLE,UNAVAILABLE,DISABLED,GRL_binary_BCE,Adam,0.0005,0.5,c0379777c63c7a5b0910e5d2ab8a1c37869692db14fd940e0a86778c9f5a1769
67,dann,0.030479254201054573,0.6949674487113953,0.34748372435569763,0.37796297669410706,unconditional_global,dann,['x'],False,UNAVAILABLE,UNAVAILABLE,UNAVAILABLE,UNAVAILABLE,DISABLED,GRL_binary_BCE,Adam,0.0005,0.5,c0379777c63c7a5b0910e5d2ab8a1c37869692db14fd940e0a86778c9f5a1769
68,dann,0.024436641484498978,0.6821928024291992,0.3410964012145996,0.3655330538749695,unconditional_global,dann,['x'],False,UNAVAILABLE,UNAVAILABLE,UNAVAILABLE,UNAVAILABLE,DISABLED,GRL_binary_BCE,Adam,0.0005,0.5,c0379777c63c7a5b0910e5d2ab8a1c37869692db14fd940e0a86778c9f5a1769
69,dann,0.004206683021038771,0.6871864199638367,0.34359320998191833,0.3477998971939087,unconditional_global,dann,['x'],False,UNAVAILABLE,UNAVAILABLE,UNAVAILABLE,UNAVAILABLE,DISABLED,GRL_binary_BCE,Adam,0.0005,0.5,c0379777c63c7a5b0910e5d2ab8a1c37869692db14fd940e0a86778c9f5a1769
70,dann,0.015655187889933586,0.679607629776001,0.3398038148880005,0.3554590046405792,unconditional_global,dann,['x'],False,UNAVAILABLE,UNAVAILABLE,UNAVAILABLE,UNAVAILABLE,DISABLED,GRL_binary_BCE,Adam,0.0005,0.5,c0379777c63c7a5b0910e5d2ab8a1c37869692db14fd940e0a86778c9f5a1769
71,dann,0.1733637899160385,0.6912461519241333,0.34562307596206665,0.5189868807792664,unconditional_global,dann,['x'],False,UNAVAILABLE,UNAVAILABLE,UNAVAILABLE,UNAVAILABLE,DISABLED,GRL_binary_BCE,Adam,0.0005,0.5,c0379777c63c7a5b0910e5d2ab8a1c37869692db14fd940e0a86778c9f5a1769
72,dann,0.002963030943647027,0.6822302937507629,0.34111514687538147,0.3440781831741333,unconditional_global,dann,['x'],False,UNAVAILABLE,UNAVAILABLE,UNAVAILABLE,UNAVAILABLE,DISABLED,GRL_binary_BCE,Adam,0.0005,0.5,c0379777c63c7a5b0910e5d2ab8a1c37869692db14fd940e0a86778c9f5a1769
73,dann,0.0031972751021385193,0.6913210153579712,0.3456605076789856,0.3488577902317047,unconditional_global,dann,['x'],False,UNAVAILABLE,UNAVAILABLE,UNAVAILABLE,UNAVAILABLE,DISABLED,GRL_binary_BCE,Adam,0.0005,0.5,c0379777c63c7a5b0910e5d2ab8a1c37869692db14fd940e0a86778c9f5a1769
74,dann,0.0028543451335281134,0.6931064128875732,0.3465532064437866,0.3494075536727905,unconditional_global,dann,['x'],False,UNAVAILABLE,UNAVAILABLE,UNAVAILABLE,UNAVAILABLE,DISABLED,GRL_binary_BCE,Adam,0.0005,0.5,c0379777c63c7a5b0910e5d2ab8a1c37869692db14fd940e0a86778c9f5a1769
75,dann,0.002794663654640317,0.6851904392242432,0.3425952196121216,0.34538987278938293,unconditional_global,dann,['x'],False,UNAVAILABLE,UNAVAILABLE,UNAVAILABLE,UNAVAILABLE,DISABLED,GRL_binary_BCE,Adam,0.0005,0.5,c0379777c63c7a5b0910e5d2ab8a1c37869692db14fd940e0a86778c9f5a1769
76,dann,0.0031144479289650917,0.6921179294586182,0.3460589647293091,0.3491734266281128,unconditional_global,dann,['x'],False,UNAVAILABLE,UNAVAILABLE,UNAVAILABLE,UNAVAILABLE,DISABLED,GRL_binary_BCE,Adam,0.0005,0.5,c0379777c63c7a5b0910e5d2ab8a1c37869692db14fd940e0a86778c9f5a1769
77,dann,0.1094629168510437,0.6833916902542114,0.3416958451271057,0.4511587619781494,unconditional_global,dann,['x'],False,UNAVAILABLE,UNAVAILABLE,UNAVAILABLE,UNAVAILABLE,DISABLED,GRL_binary_BCE,Adam,0.0005,0.5,c0379777c63c7a5b0910e5d2ab8a1c37869692db14fd940e0a86778c9f5a1769
78,dann,0.0027734918985515833,0.6856842041015625,0.34284210205078125,0.34561559557914734,unconditional_global,dann,['x'],False,UNAVAILABLE,UNAVAILABLE,UNAVAILABLE,UNAVAILABLE,DISABLED,GRL_binary_BCE,Adam,0.0005,0.5,c0379777c63c7a5b0910e5d2ab8a1c37869692db14fd940e0a86778c9f5a1769
79,dann,0.0028202314861118793,0.6872549057006836,0.3436274528503418,0.3464476764202118,unconditional_global,dann,['x'],False,UNAVAILABLE,UNAVAILABLE,UNAVAILABLE,UNAVAILABLE,DISABLED,GRL_binary_BCE,Adam,0.0005,0.5,c0379777c63c7a5b0910e5d2ab8a1c37869692db14fd940e0a86778c9f5a1769
80,dann,0.0038673696108162403,0.6851863861083984,0.3425931930541992,0.3464605510234833,unconditional_global,dann,['x'],False,UNAVAILABLE,UNAVAILABLE,UNAVAILABLE,UNAVAILABLE,DISABLED,GRL_binary_BCE,Adam,0.0005,0.5,c0379777c63c7a5b0910e5d2ab8a1c37869692db14fd940e0a86778c9f5a1769
81,dann,0.009899517521262169,0.6877949237823486,0.3438974618911743,0.35379698872566223,unconditional_global,dann,['x'],False,UNAVAILABLE,UNAVAILABLE,UNAVAILABLE,UNAVAILABLE,DISABLED,GRL_binary_BCE,Adam,0.0005,0.5,c0379777c63c7a5b0910e5d2ab8a1c37869692db14fd940e0a86778c9f5a1769
82,dann,0.10938052833080292,0.6839738488197327,0.34198692440986633,0.45136743783950806,unconditional_global,dann,['x'],False,UNAVAILABLE,UNAVAILABLE,UNAVAILABLE,UNAVAILABLE,DISABLED,GRL_binary_BCE,Adam,0.0005,0.5,c0379777c63c7a5b0910e5d2ab8a1c37869692db14fd940e0a86778c9f5a1769
83,dann,0.004787765443325043,0.6841394901275635,0.34206974506378174,0.3468575179576874,unconditional_global,dann,['x'],False,UNAVAILABLE,UNAVAILABLE,UNAVAILABLE,UNAVAILABLE,DISABLED,GRL_binary_BCE,Adam,0.0005,0.5,c0379777c63c7a5b0910e5d2ab8a1c37869692db14fd940e0a86778c9f5a1769
84,dann,0.011937788687646389,0.683382511138916,0.341691255569458,0.35362905263900757,unconditional_global,dann,['x'],False,UNAVAILABLE,UNAVAILABLE,UNAVAILABLE,UNAVAILABLE,DISABLED,GRL_binary_BCE,Adam,0.0005,0.5,c0379777c63c7a5b0910e5d2ab8a1c37869692db14fd940e0a86778c9f5a1769
85,dann,0.005876828916370869,0.6908334493637085,0.34541672468185425,0.35129356384277344,unconditional_global,dann,['x'],False,UNAVAILABLE,UNAVAILABLE,UNAVAILABLE,UNAVAILABLE,DISABLED,GRL_binary_BCE,Adam,0.0005,0.5,c0379777c63c7a5b0910e5d2ab8a1c37869692db14fd940e0a86778c9f5a1769
86,dann,0.004279262386262417,0.6903690099716187,0.3451845049858093,0.3494637608528137,unconditional_global,dann,['x'],False,UNAVAILABLE,UNAVAILABLE,UNAVAILABLE,UNAVAILABLE,DISABLED,GRL_binary_BCE,Adam,0.0005,0.5,c0379777c63c7a5b0910e5d2ab8a1c37869692db14fd940e0a86778c9f5a1769
87,dann,0.005622131749987602,0.6880656480789185,0.34403282403945923,0.3496549427509308,unconditional_global,dann,['x'],False,UNAVAILABLE,UNAVAILABLE,UNAVAILABLE,UNAVAILABLE,DISABLED,GRL_binary_BCE,Adam,0.0005,0.5,c0379777c63c7a5b0910e5d2ab8a1c37869692db14fd940e0a86778c9f5a1769
88,dann,0.00977213867008686,0.6807587146759033,0.34037935733795166,0.35015150904655457,unconditional_global,dann,['x'],False,UNAVAILABLE,UNAVAILABLE,UNAVAILABLE,UNAVAILABLE,DISABLED,GRL_binary_BCE,Adam,0.0005,0.5,c0379777c63c7a5b0910e5d2ab8a1c37869692db14fd940e0a86778c9f5a1769
89,dann,0.10801754146814346,0.6797017455101013,0.33985087275505066,0.4478684067726135,unconditional_global,dann,['x'],False,UNAVAILABLE,UNAVAILABLE,UNAVAILABLE,UNAVAILABLE,DISABLED,GRL_binary_BCE,Adam,0.0005,0.5,c0379777c63c7a5b0910e5d2ab8a1c37869692db14fd940e0a86778c9f5a1769
90,dann,0.004953586030751467,0.6759670376777649,0.33798351883888245,0.3429371118545532,unconditional_global,dann,['x'],False,UNAVAILABLE,UNAVAILABLE,UNAVAILABLE,UNAVAILABLE,DISABLED,GRL_binary_BCE,Adam,0.0005,0.5,c0379777c63c7a5b0910e5d2ab8a1c37869692db14fd940e0a86778c9f5a1769
91,dann,0.004713291302323341,0.683630645275116,0.341815322637558,0.3465286195278168,unconditional_global,dann,['x'],False,UNAVAILABLE,UNAVAILABLE,UNAVAILABLE,UNAVAILABLE,DISABLED,GRL_binary_BCE,Adam,0.0005,0.5,c0379777c63c7a5b0910e5d2ab8a1c37869692db14fd940e0a86778c9f5a1769
92,dann,0.0034575825557112694,0.6816281080245972,0.3408140540122986,0.34427163004875183,unconditional_global,dann,['x'],False,UNAVAILABLE,UNAVAILABLE,UNAVAILABLE,UNAVAILABLE,DISABLED,GRL_binary_BCE,Adam,0.0005,0.5,c0379777c63c7a5b0910e5d2ab8a1c37869692db14fd940e0a86778c9f5a1769
93,dann,0.0037576386239379644,0.6840724349021912,0.3420362174510956,0.34579384326934814,unconditional_global,dann,['x'],False,UNAVAILABLE,UNAVAILABLE,UNAVAILABLE,UNAVAILABLE,DISABLED,GRL_binary_BCE,Adam,0.0005,0.5,c0379777c63c7a5b0910e5d2ab8a1c37869692db14fd940e0a86778c9f5a1769
94,dann,0.0031152553856372833,0.6951104998588562,0.3475552499294281,0.3506705164909363,unconditional_global,dann,['x'],False,UNAVAILABLE,UNAVAILABLE,UNAVAILABLE,UNAVAILABLE,DISABLED,GRL_binary_BCE,Adam,0.0005,0.5,c0379777c63c7a5b0910e5d2ab8a1c37869692db14fd940e0a86778c9f5a1769
95,dann,0.002946445718407631,0.6965498328208923,0.34827491641044617,0.35122135281562805,unconditional_global,dann,['x'],False,UNAVAILABLE,UNAVAILABLE,UNAVAILABLE,UNAVAILABLE,DISABLED,GRL_binary_BCE,Adam,0.0005,0.5,c0379777c63c7a5b0910e5d2ab8a1c37869692db14fd940e0a86778c9f5a1769
96,dann,0.0030367476865649223,0.6872351765632629,0.34361758828163147,0.34665432572364807,unconditional_global,dann,['x'],False,UNAVAILABLE,UNAVAILABLE,UNAVAILABLE,UNAVAILABLE,DISABLED,GRL_binary_BCE,Adam,0.0005,0.5,c0379777c63c7a5b0910e5d2ab8a1c37869692db14fd940e0a86778c9f5a1769
97,dann,0.13570913672447205,0.6755196452140808,0.3377598226070404,0.47346895933151245,unconditional_global,dann,['x'],False,UNAVAILABLE,UNAVAILABLE,UNAVAILABLE,UNAVAILABLE,DISABLED,GRL_binary_BCE,Adam,0.0005,0.5,c0379777c63c7a5b0910e5d2ab8a1c37869692db14fd940e0a86778c9f5a1769
98,dann,0.002759180497378111,0.6884109973907471,0.34420549869537354,0.34696468710899353,unconditional_global,dann,['x'],False,UNAVAILABLE,UNAVAILABLE,UNAVAILABLE,UNAVAILABLE,DISABLED,GRL_binary_BCE,Adam,0.0005,0.5,c0379777c63c7a5b0910e5d2ab8a1c37869692db14fd940e0a86778c9f5a1769
99,dann,0.003024390200152993,0.6889933943748474,0.3444966971874237,0.3475210964679718,unconditional_global,dann,['x'],False,UNAVAILABLE,UNAVAILABLE,UNAVAILABLE,UNAVAILABLE,DISABLED,GRL_binary_BCE,Adam,0.0005,0.5,c0379777c63c7a5b0910e5d2ab8a1c37869692db14fd940e0a86778c9f5a1769
100,dann,0.0035739478189498186,0.6832863092422485,0.34164315462112427,0.34521710872650146,unconditional_global,dann,['x'],False,UNAVAILABLE,UNAVAILABLE,UNAVAILABLE,UNAVAILABLE,DISABLED,GRL_binary_BCE,Adam,0.0005,0.5,c0379777c63c7a5b0910e5d2ab8a1c37869692db14fd940e0a86778c9f5a1769
