component,method,training_data,C1_raw_used,C2_raw_used,C5_calibration_used,C5_test_used,pooled_source_training,federated_training,target_local_training,final_runtime_dependency,evidence_file,evidence_line_or_function,claim_boundary
"classifier_route","Flower classification plus server DA; logits -> softmax -> predicted class","C1/C2 local classifier training; target calibration participates in frozen server-side DA outside this regression audit","yes_local_window_training","yes_local_window_training","yes_server_DA_and_inference","yes_inference_only","no","yes_real_Flower_classification","no","yes_route_dependency; final checkpoint pending P0","gaps_flower/evaluate_regression_pipeline.py; scripts/build_iotj_c5_regression_inputs.py","collect_records L460-L487; build_inputs L148-L218","Federated claim applies to classification. This row does not make the downstream regression heads federated."
"R0_source_R3aK16_reference","Neural source regression checkpoint produced by sample-weighted FedAvg-style checkpoint aggregation","C1 and C2 are trained separately by the intended producer; local model states are aggregated; formal suite only reloads the frozen checkpoint","yes_local_training_by_producer","yes_local_training_by_producer","yes_inference_only","yes_inference_only","no_raw_pooling_in_intended_producer","yes_offline_FedAvg_checkpoint_aggregation; no_Flower_transport_proven","no","no_numerical_R4_edge; yes_input_builder_and_legacy_runtime_plumbing","gaps_flower/regression_client.py; gaps_flower/regression_server.py; scripts/build_iotj_c5_regression_inputs.py","client main L180-L206; aggregate_regression_checkpoints L165-L175 and L313-L335; build_inputs L148-L218","Call it an offline FedAvg source regression reference, not a real Flower regression run and not the final R4 head. Exact historical checkpoint metadata was not revalidated in this worktree."
"H1_source_ridge_Ethanol","Per-gas standardized closed-form Ridge","Pooled C1+C2 Ethanol train; alpha selected on pooled C1+C2 Ethanol calibration; refit on train+calibration","yes_processed_window_tensor","yes_processed_window_tensor","yes_prediction_only_in_H8","yes_prediction_only","yes_same_process","no","no","yes_current_formal_R4_and_QC; final_bundle_pending","run_source_augmented_target_ridge_eval.py; run_regression_head_ablation.py","fit_source_heads L116-L152; build_oracle_rows L180-L199; fit_select_refit L299-L318","Centrally pooled multi-source reference; not client-local and not federated. Original raw sensor files are not read; prebuilt window arrays are."
"H1_source_ridge_CO","Per-gas standardized closed-form Ridge","Pooled C1+C2 CO train; alpha selected on pooled C1+C2 CO calibration; refit on train+calibration","yes_processed_window_tensor","yes_processed_window_tensor","yes_prediction_only_in_H8","yes_prediction_only","yes_same_process","no","no","yes_current_formal_R4_and_QC; final_bundle_pending","run_source_augmented_target_ridge_eval.py; run_regression_head_ablation.py","fit_source_heads L116-L152; CLASS_NAMES L23-L24; fit_select_refit L299-L318","Centrally pooled multi-source reference; not client-local and not federated."
"H1_source_ridge_Ethylene","Per-gas standardized closed-form Ridge","Pooled C1+C2 Ethylene train; alpha selected on pooled C1+C2 Ethylene calibration; refit on train+calibration","yes_processed_window_tensor","yes_processed_window_tensor","yes_prediction_only_in_H8","yes_prediction_only","yes_same_process","no","no","yes_current_formal_R4_and_QC; final_bundle_pending","run_source_augmented_target_ridge_eval.py; run_regression_head_ablation.py","fit_source_heads L116-L152; CLASS_NAMES L23-L24; fit_select_refit L299-L318","Centrally pooled multi-source reference; not client-local and not federated."
"H1_source_ridge_Methane","Per-gas standardized closed-form Ridge","Pooled C1+C2 Methane train; alpha selected on pooled C1+C2 Methane calibration; refit on train+calibration","yes_processed_window_tensor","yes_processed_window_tensor","yes_prediction_only_in_H8","yes_prediction_only","yes_same_process","no","no","yes_current_formal_R4_and_QC; final_bundle_pending","run_source_augmented_target_ridge_eval.py; run_regression_head_ablation.py","fit_source_heads L116-L152; CLASS_NAMES L23-L24; fit_select_refit L299-L318","Centrally pooled multi-source reference; not client-local and not federated."
"H2_source_per_gas_mlp_Ethanol","Per-gas StandardScaler + shallow MLPRegressor","Pooled C1+C2 Ethanol train; hidden/alpha selected on pooled C1+C2 Ethanol calibration; refit on train+calibration","yes_processed_window_tensor","yes_processed_window_tensor","yes_prediction_only_in_H8","yes_prediction_only","yes_same_process","no","no","yes_current_formal_R4_and_QC; final_bundle_pending","run_source_augmented_target_ridge_eval.py; run_source_lightweight_regression_head_ablation.py","fit_source_heads L116-L152; fit_select_refit_mlp L142-L171","Centrally pooled multi-source neural reference; not a federated MLP."
"H2_source_per_gas_mlp_CO","Per-gas StandardScaler + shallow MLPRegressor","Pooled C1+C2 CO train; hidden/alpha selected on pooled C1+C2 CO calibration; refit on train+calibration","yes_processed_window_tensor","yes_processed_window_tensor","yes_prediction_only_in_H8","yes_prediction_only","yes_same_process","no","no","yes_current_formal_R4_and_QC; final_bundle_pending","run_source_augmented_target_ridge_eval.py; run_source_lightweight_regression_head_ablation.py","fit_source_heads L116-L152; fit_select_refit_mlp L142-L171","Centrally pooled multi-source neural reference; not a federated MLP."
"H2_source_per_gas_mlp_Ethylene","Per-gas StandardScaler + shallow MLPRegressor","Pooled C1+C2 Ethylene train; hidden/alpha selected on pooled C1+C2 Ethylene calibration; refit on train+calibration","yes_processed_window_tensor","yes_processed_window_tensor","yes_prediction_only_in_H8","yes_prediction_only","yes_same_process","no","no","yes_current_formal_R4_and_QC; final_bundle_pending","run_source_augmented_target_ridge_eval.py; run_source_lightweight_regression_head_ablation.py","fit_source_heads L116-L152; fit_select_refit_mlp L142-L171","Centrally pooled multi-source neural reference; not a federated MLP."
"H2_source_per_gas_mlp_Methane","Per-gas StandardScaler + shallow MLPRegressor","Pooled C1+C2 Methane train; hidden/alpha selected on pooled C1+C2 Methane calibration; refit on train+calibration","yes_processed_window_tensor","yes_processed_window_tensor","yes_prediction_only_in_H8","yes_prediction_only","yes_same_process","no","no","yes_current_formal_R4_and_QC; final_bundle_pending","run_source_augmented_target_ridge_eval.py; run_source_lightweight_regression_head_ablation.py","fit_source_heads L116-L152; fit_select_refit_mlp L142-L171","Centrally pooled multi-source neural reference; not a federated MLP."
"H3_source_shared_mlp","One StandardScaler + shallow MLPRegressor with four-class gas one-hot","All gases from pooled C1+C2 train; hidden/alpha selected on all pooled C1+C2 calibration; refit on train+calibration","yes_processed_window_tensor","yes_processed_window_tensor","yes_prediction_only_in_H8","yes_prediction_only","yes_all_clients_and_gases_same_process","no","no","yes_current_formal_R4_and_QC; final_bundle_pending","run_source_augmented_target_ridge_eval.py; run_source_lightweight_regression_head_ablation.py","fit_source_heads L144-L151; SharedMLPHead L67-L88; shared_matrix L174-L181; fit_select_refit_shared_mlp L215-L244","One centrally trained shared source model. Source fitting uses oracle true-gas one-hot; runtime uses predicted route one-hot."
"R1_target_ridge_rich_only","C5 per-gas Ridge on 104 rich features","C5 calibration split into deterministic 60 train/20 validation rows per gas; alpha selected on validation and final model refit on all 80 per gas","no","no","yes_training_selection_refit","yes_inference_only","no","no","yes_C5_personalized","no_formal_baseline_only","run_source_augmented_target_ridge_eval.py","main L383-L426; formal fit_audit.csv","Target-personalized central calibration model; not federated. Test rows are prediction/evaluation only."
"R2_target_H2_3_MLP_anchor","C5 per-gas shallow MLP on rich plus backbone features","C5 calibration 60/20 per gas for hidden/alpha selection; final model refit on all calibration rows per gas","no","no","yes_training_selection_refit","yes_inference_only","no","no","yes_C5_personalized","conditional_QC_dependency_via_H23; not_R4_prediction","scripts/run_iotj_c5_h23_plus.py; run_h2_3_plus_fusion_profile.py","run L79-L120; fit_mlp_family L307-L368","Target-local/personalized MLP. In formal B2/B5 the R3 blend weight is 0 so H2.3+ collapses to this anchor."
"R3_target_H2_3_plus","Calibration-selected blend of C5 MLP anchor and C5 reg-feature Ridge","Both component heads fit on C5 calibration; blend weight selected on C5 calibration-validation only","no","no","yes_training_and_selection","yes_inference_only","no","no","yes_C5_personalized","not_current_fixed_R4; used_by_R5_R6_R7_and_QC_disagreement","scripts/run_iotj_c5_h23_plus.py","run L122-L179; manifest L180-L202","Deployable candidate/reference. Formal B2/B5 selected weight 0; no test labels select the blend."
"R4_H8_target_ridge_plus_source_predictions","C5 per-gas Ridge on 104 rich features plus H1/H2/H3 source predictions","H1/H2/H3 fitted on pooled C1+C2; final augmented Ridge selected/refit on C5 calibration per gas","yes_indirect_via_H1_H2_H3","yes_indirect_via_H1_H2_H3","yes_target_training_selection_refit","yes_inference_only","yes_upstream_source_heads","no","yes_C5_personalized_final_head","yes_current_formal_R4; all_three_source_heads_required; final_bundle_pending","run_source_augmented_target_ridge_eval.py; gaps_deploy/rich_residual.py","SOURCE_PRED_KEYS and add_pred_features L48-L64; main L375-L426; runtime _source_aug_target_ridge_ppm L433-L466","Formal R4 is structurally dependent on all three source predictions. Existing legacy deployment candidate is CO-gated and is not the not-yet-frozen final C5 R4 bundle."
"R5_predicted_CO_gate","Fixed rule: predicted CO uses R4; all other routes use R3","No new model fitting; consumes already fitted R3/R4 and classifier predicted route","yes_indirect_if_R4_selected","yes_indirect_if_R4_selected","yes_indirect_upstream","yes_inference_only","no_new_training","no","no_new_training","no_current_R4_outperformed_R5; baseline_candidate","scripts/assemble_iotj_c5_regression_ladder.py","apply_ladder L113-L145","Deployable rule candidate, not the current best formal coverage-1 point."
"R6_calibration_selected_selector","Predicted-CO plus calibration-selected risk threshold chooses R4 versus R3","Threshold selected only on 80 C5 calibration-validation rows; risk uses H2.3/H8 disagreement and source-head spread","yes_indirect_via_R4_and_risk","yes_indirect_via_R4_and_risk","yes_policy_selection","yes_inference_only","no_new_training","no","yes_target_policy_fit","no_current_R4_outperformed_R6; candidate_only","scripts/assemble_iotj_c5_regression_ladder.py; scripts/evaluate_iotj_high_coverage_qc.py","select_r6_policy L71-L110; raw_deployment_risk L200-L235","Deployment-visible selector candidate; not federated. Source heads affect both R4 predictions and risk."
"R7_test_oracle_selector","Per-row oracle chooses lower absolute error between R3 and R4","No training; reads C5 test truth for selection","yes_indirect_if_R4_selected","yes_indirect_if_R4_selected","yes_indirect_upstream","yes_test_truth_selection","no","no","no","no_diagnostic_only","scripts/assemble_iotj_c5_regression_ladder.py","apply_ladder L141-L145; summarize_ladder L171-L186","Offline upper-bound diagnostic; prohibited as runtime/deployment evidence."
"QC_FULL_HC95_HC90","C5 calibration-fitted feature reference, risk calibrator and accept/review/reject thresholds","240 C5 calibration-fit rows plus 80 calibration-validation rows; applied to 1360 test rows","yes_indirect_via_H8_source_spread","yes_indirect_via_H8_source_spread","yes_policy_fit_and_selection","yes_evaluation_only","no","no","yes_target_policy_fit","yes_current_operational_QC_if_R4_policy_frozen; final_bundle_pending","scripts/evaluate_iotj_high_coverage_qc.py","merge_aligned_streams L85-L115; raw_deployment_risk L200-L235; run_high_coverage_qc L668-L808","QC is target-calibrated and deployment-visible, not federated. Current risk requires all three source predictions and H2.3/H8 disagreement."
