experiment_id,method,policy_method,target_id,optimizer,optimizer_lr,optimizer_note,study,seed,accuracy,macro_f1,nll,ece,num_examples,per_class,confusion_matrix,source_macro_f1,source_accuracy,source_target_f1_gap,checkpoint,checkpoint_selection,target_test_access,training_seconds,commissioning_seconds,communication_rounds,model_parameter_bytes,estimated_model_transport_bytes,communication_note
FCL-E2-CORAL-C3,CORAL,coral,C3,Adam,0.0005,canonical post-hoc DA reference,E2,42,0.9308823529411765,0.9303515437686148,0.3149921467945633,0.0544790694372231,680,"[{""class_id"":0,""precision"":1.0,""recall"":0.9941176470588236,""f1"":0.9970501474926253,""support"":170},{""class_id"":1,""precision"":0.9428571428571428,""recall"":0.7764705882352941,""f1"":0.8516129032258064,""support"":170},{""class_id"":2,""precision"":0.81,""recall"":0.9529411764705882,""f1"":0.8756756756756757,""support"":170},{""class_id"":3,""precision"":0.9941520467836257,""recall"":1.0,""f1"":0.9970674486803519,""support"":170}]","[[169,1,0,0],[0,132,38,0],[0,7,162,1],[0,0,0,170]]",0.9963234975377483,0.9963235294117647,0.06597195376913345,D:\A Python learning\Federated Learning\TRAE SOLO\.worktrees\iotj-final-classification-le1\results\iotj_final_classification_le1_20260804\FCL-E2-CORAL-C3\adapted_step_100.pth,fixed_endpoint_only,one_time_final_evaluation,0.0,24.66131899999891,0,144692,0,post-hoc server-local adaptation; no federated transport
FCL-E2-CORAL-C4,CORAL,coral,C4,Adam,0.0005,canonical post-hoc DA reference,E2,42,0.859375,0.851397015334527,0.8072540225418621,0.12904900593592725,320,"[{""class_id"":0,""precision"":0.9753086419753086,""recall"":0.9875,""f1"":0.9813664596273292,""support"":80},{""class_id"":1,""precision"":1.0,""recall"":0.5125,""f1"":0.6776859504132231,""support"":80},{""class_id"":2,""precision"":0.6724137931034483,""recall"":0.975,""f1"":0.7959183673469388,""support"":80},{""class_id"":3,""precision"":0.9390243902439024,""recall"":0.9625,""f1"":0.9506172839506174,""support"":80}]","[[79,0,1,0],[2,41,34,3],[0,0,78,2],[0,0,3,77]]",0.9970588108079502,0.9970588235294118,0.14566179547342317,D:\A Python learning\Federated Learning\TRAE SOLO\.worktrees\iotj-final-classification-le1\results\iotj_final_classification_le1_20260804\FCL-E2-CORAL-C4\adapted_step_100.pth,fixed_endpoint_only,one_time_final_evaluation,0.0,23.525948599999538,0,144692,0,post-hoc server-local adaptation; no federated transport
FCL-E2-CORAL-C5,CORAL,coral,C5,Adam,0.0005,canonical post-hoc DA reference,E2,42,0.38676470588235295,0.2778679997946103,4.647606098311091,0.6009075988215047,1360,"[{""class_id"":0,""precision"":0.9545454545454546,""recall"":0.061764705882352944,""f1"":0.11602209944751381,""support"":340},{""class_id"":1,""precision"":0.0,""recall"":0.0,""f1"":0.0,""support"":340},{""class_id"":2,""precision"":0.2670906200317965,""recall"":0.49411764705882355,""f1"":0.34674922600619196,""support"":340},{""class_id"":3,""precision"":0.4821173104434907,""recall"":0.9911764705882353,""f1"":0.6487006737247354,""support"":340}]","[[21,5,314,0],[0,0,146,194],[0,4,168,168],[1,1,1,337]]",0.9963234975377483,0.9963235294117647,0.718455497743138,D:\A Python learning\Federated Learning\TRAE SOLO\.worktrees\iotj-final-classification-le1\results\iotj_final_classification_le1_20260804\FCL-E2-CORAL-C5\adapted_step_100.pth,fixed_endpoint_only,one_time_final_evaluation,0.0,20.204606100000092,0,144692,0,post-hoc server-local adaptation; no federated transport
FCL-E2-MMD-C3,MMD,mmd,C3,Adam,0.0005,canonical post-hoc DA reference,E2,42,0.9779411764705882,0.977868983148739,0.10070770701094586,0.015793344528672357,680,"[{""class_id"":0,""precision"":0.9941520467836257,""recall"":1.0,""f1"":0.9970674486803519,""support"":170},{""class_id"":1,""precision"":0.9382022471910112,""recall"":0.9823529411764705,""f1"":0.9597701149425286,""support"":170},{""class_id"":2,""precision"":0.9937106918238994,""recall"":0.9294117647058824,""f1"":0.9604863221884499,""support"":170},{""class_id"":3,""precision"":0.9883720930232558,""recall"":1.0,""f1"":0.9941520467836257,""support"":170}]","[[170,0,0,0],[1,167,1,1],[0,11,158,1],[0,0,0,170]]",0.9941292136229389,0.9941176470588236,0.016260230474199888,D:\A Python learning\Federated Learning\TRAE SOLO\.worktrees\iotj-final-classification-le1\results\iotj_final_classification_le1_20260804\FCL-E2-MMD-C3\adapted_step_100.pth,fixed_endpoint_only,one_time_final_evaluation,0.0,18.039104199997382,0,144692,0,post-hoc server-local adaptation; no federated transport
FCL-E2-MMD-C4,MMD,mmd,C4,Adam,0.0005,canonical post-hoc DA reference,E2,42,0.959375,0.9590813688092822,0.23127997186171262,0.034879625982297435,320,"[{""class_id"":0,""precision"":0.9634146341463414,""recall"":0.9875,""f1"":0.9753086419753086,""support"":80},{""class_id"":1,""precision"":1.0,""recall"":0.8875,""f1"":0.9403973509933775,""support"":80},{""class_id"":2,""precision"":0.9166666666666666,""recall"":0.9625,""f1"":0.9390243902439025,""support"":80},{""class_id"":3,""precision"":0.963855421686747,""recall"":1.0,""f1"":0.9815950920245399,""support"":80}]","[[79,0,1,0],[3,71,6,0],[0,0,77,3],[0,0,0,80]]",0.9963256745542207,0.9963235294117647,0.03724430574493853,D:\A Python learning\Federated Learning\TRAE SOLO\.worktrees\iotj-final-classification-le1\results\iotj_final_classification_le1_20260804\FCL-E2-MMD-C4\adapted_step_100.pth,fixed_endpoint_only,one_time_final_evaluation,0.0,17.82655209999939,0,144692,0,post-hoc server-local adaptation; no federated transport
FCL-E2-MMD-C5,MMD,mmd,C5,Adam,0.0005,canonical post-hoc DA reference,E2,42,0.5669117647058823,0.5511553762423522,2.263113832234737,0.3543968817683252,1360,"[{""class_id"":0,""precision"":0.576,""recall"":0.4235294117647059,""f1"":0.488135593220339,""support"":340},{""class_id"":1,""precision"":0.6416184971098265,""recall"":0.3264705882352941,""f1"":0.4327485380116959,""support"":340},{""class_id"":2,""precision"":0.3938144329896907,""recall"":0.5617647058823529,""f1"":0.46303030303030307,""support"":340},{""class_id"":3,""precision"":0.7190265486725663,""recall"":0.9558823529411765,""f1"":0.8207070707070707,""support"":340}]","[[144,20,176,0],[60,111,118,51],[46,27,191,76],[0,15,0,325]]",0.9904388560401,0.9904411764705883,0.43928347979774773,D:\A Python learning\Federated Learning\TRAE SOLO\.worktrees\iotj-final-classification-le1\results\iotj_final_classification_le1_20260804\FCL-E2-MMD-C5\adapted_step_100.pth,fixed_endpoint_only,one_time_final_evaluation,0.0,18.69827929999883,0,144692,0,post-hoc server-local adaptation; no federated transport
FCL-E2-DANN-C3,DANN,dann,C3,Adam,0.0005,canonical post-hoc DA reference,E2,42,0.9514705882352941,0.9511017352956345,0.21786669282595647,0.04215293003594607,680,"[{""class_id"":0,""precision"":0.9883720930232558,""recall"":1.0,""f1"":0.9941520467836257,""support"":170},{""class_id"":1,""precision"":0.9602649006622517,""recall"":0.8529411764705882,""f1"":0.9034267912772586,""support"":170},{""class_id"":2,""precision"":0.8756756756756757,""recall"":0.9529411764705882,""f1"":0.9126760563380281,""support"":170},{""class_id"":3,""precision"":0.9883720930232558,""recall"":1.0,""f1"":0.9941520467836257,""support"":170}]","[[170,0,0,0],[1,145,23,1],[1,6,162,1],[0,0,0,170]]",0.9955892879880672,0.9955882352941177,0.044487552692432764,D:\A Python learning\Federated Learning\TRAE SOLO\.worktrees\iotj-final-classification-le1\results\iotj_final_classification_le1_20260804\FCL-E2-DANN-C3\adapted_step_100.pth,fixed_endpoint_only,one_time_final_evaluation,0.0,18.51455480000004,0,144692,0,post-hoc server-local adaptation; no federated transport
FCL-E2-DANN-C4,DANN,dann,C4,Adam,0.0005,canonical post-hoc DA reference,E2,42,0.890625,0.8862892860360578,0.6704318772007895,0.09327006169744478,320,"[{""class_id"":0,""precision"":0.9397590361445783,""recall"":0.975,""f1"":0.9570552147239264,""support"":80},{""class_id"":1,""precision"":1.0,""recall"":0.6375,""f1"":0.7786259541984732,""support"":80},{""class_id"":2,""precision"":0.7524752475247525,""recall"":0.95,""f1"":0.8397790055248618,""support"":80},{""class_id"":3,""precision"":0.9411764705882353,""recall"":1.0,""f1"":0.9696969696969697,""support"":80}]","[[78,0,1,1],[5,51,24,0],[0,0,76,4],[0,0,0,80]]",0.9948540113624813,0.9948529411764706,0.10856472532642347,D:\A Python learning\Federated Learning\TRAE SOLO\.worktrees\iotj-final-classification-le1\results\iotj_final_classification_le1_20260804\FCL-E2-DANN-C4\adapted_step_100.pth,fixed_endpoint_only,one_time_final_evaluation,0.0,20.29749659999652,0,144692,0,post-hoc server-local adaptation; no federated transport
FCL-E2-DANN-C5,DANN,dann,C5,Adam,0.0005,canonical post-hoc DA reference,E2,42,0.5183823529411765,0.41658828555087557,3.258021721203933,0.4630181585009254,1360,"[{""class_id"":0,""precision"":0.5851063829787234,""recall"":0.16176470588235295,""f1"":0.2534562211981567,""support"":340},{""class_id"":1,""precision"":0.0,""recall"":0.0,""f1"":0.0,""support"":340},{""class_id"":2,""precision"":0.38902147971360385,""recall"":0.9588235294117647,""f1"":0.5534804753820034,""support"":340},{""class_id"":3,""precision"":0.782608695652174,""recall"":0.9529411764705882,""f1"":0.8594164456233422,""support"":340}]","[[55,6,279,0],[25,0,232,83],[2,5,326,7],[12,3,1,324]]",0.994117494397323,0.9941176470588236,0.5775292088464474,D:\A Python learning\Federated Learning\TRAE SOLO\.worktrees\iotj-final-classification-le1\results\iotj_final_classification_le1_20260804\FCL-E2-DANN-C5\adapted_step_100.pth,fixed_endpoint_only,one_time_final_evaluation,0.0,20.991958599995996,0,144692,0,post-hoc server-local adaptation; no federated transport
